Quadrat,Lat,Long,Elev,MTAnn,Isoth,MnTCP,T_AR,MTWetQ,MTDQ,MTClQ,Pann,PWetP,PSeas,PWrQ,EC,pH,OrgC,NTOT,PTOT,Pav,Kav,Mg,Ca,K,Clay,Silt,Sand,Stype,Sdep,ibra
BE01,-30.2376,118.3029,448,18.1,0.46,4.5,30,11.8,20.8,10.8,283,45,53,41,2,5.4,0.65,0.023,31,0.2,36,0.15,0.3,0.07,2.8,2.4,94.8,1,9,Coolgardie
BE02,-30.2384,118.3364,455,18.1,0.46,4.5,30,11.8,20.8,10.7,280,45,52,41,3,6.4,0.82,0.052,68,0.2,120,1.14,2.83,0.24,3.2,4.7,92.1,2,1,Coolgardie
BE03,-30.634,118.4275,410,17.9,0.47,4.6,29.6,11.8,23.6,10.7,273,43,51,38,2,5.9,1.09,0.071,240,0.2,180,0.34,1.95,0.3,1.3,3.9,94.9,5,4,Avon Wheatbelt
BE04,-30.6338,118.4834,351,18.2,0.47,4.8,29.8,12.1,23.9,11.1,262,41,50,37,4,6.1,0.77,0.061,110,3,230,1.42,2.71,0.49,4.1,4.3,91.6,5,4,Avon Wheatbelt
BE05,-30.6609,118.4772,340,18.2,0.47,4.8,29.7,12.1,23.9,11.1,261,41,50,37,16,8.3,1.84,0.136,140,16,550,2.13,12.51,1.72,1.2,3.5,95.3,4,4,Avon Wheatbelt
BE06,-30.5956,117.9075,373,18,0.47,5.1,29.1,12.1,23.5,11.1,306,52,56,41,670,7.1,1.15,0.073,240,5,860,3.25,11.1,2.04,1.6,6.9,91.5,4,3,Avon Wheatbelt
BE07,-30.5467,117.5654,364,18.1,0.47,5.4,28.9,12.3,23.6,11.2,308,55,59,40,4,6.4,0.58,0.036,77,0.2,84,0.36,1.57,0.13,2.8,2.4,94.8,5,5,Avon Wheatbelt
BE08,-30.5304,117.5791,341,18.3,0.47,5.5,28.9,12.5,23.7,11.4,304,54,59,39,6,6.7,0.77,0.057,82,2,210,2.03,3.92,0.5,5.2,4,90.8,4,1,Avon Wheatbelt
BE09,-30.5309,117.5638,356,18.2,0.47,5.4,28.9,12.4,23.6,11.3,307,55,59,39,5,5.3,0.74,0.037,81,0.2,57,0.14,0.63,0.09,2.9,1.7,95.4,1,9,Avon Wheatbelt
BE12,-30.3311,117.7534,384,18.3,0.47,5.1,29.5,12.2,23.9,11.2,308,54,57,41,5,6.2,0.84,0.052,66,2,140,0.6,2.17,0.28,2.8,2.5,94.7,5,2,Avon Wheatbelt
BE13,-30.3487,117.758,381,18.3,0.47,5.2,29.4,12.2,23.8,11.2,308,54,57,41,5,7.1,1.43,0.104,100,7,450,3.38,6.58,1.15,2.3,5,92.7,4,2,Avon Wheatbelt
BE14,-30.5026,117.5618,342,18.3,0.47,5.5,29,12.5,23.7,11.4,305,54,59,39,14,6.5,1.31,0.068,63,5,150,0.97,3.94,0.32,1.3,2.1,96.7,1,9,Avon Wheatbelt
BE15,-30.5458,117.5761,342,18.2,0.47,5.5,28.9,12.4,23.7,11.4,304,54,59,39,4,7.1,1.13,0.077,76,2,210,1.76,4.96,0.53,3.3,3.2,93.5,5,5,Avon Wheatbelt
BE17,-30.244,118.2757,448,18.1,0.47,4.6,30,11.8,20.8,10.8,286,46,53,41,7,5.5,1.29,0.069,48,2,59,0.42,2.27,0.12,2.4,1.7,95.9,1,9,Coolgardie
BE18,-30.4883,118.3453,411,18,0.47,4.7,29.7,11.9,23.7,10.8,276,43,51,38,12,6.3,2.68,0.153,160,5,290,0.25,0.67,0.11,3.3,3.8,92.9,2,2,Avon Wheatbelt
BE19,-30.8642,118.0592,406,17.6,0.47,4.8,28.9,11.8,23.1,10.7,302,50,53,43,20,5.1,0.59,0.028,42,0.2,64,0.24,0.71,0.11,2.8,2.5,94.7,5,2,Avon Wheatbelt
DA01,-33.3561,116.6186,295,14.9,0.52,4.2,26.1,9.6,20.8,9.6,619,113,75,43,8,6.3,4.19,0.188,160,3,170,1.45,9.33,0.37,9.6,2.9,87.5,4,1,Jarrah Forest
DA02,-33.3572,116.6178,295,14.9,0.52,4.2,26.1,9.6,20.8,9.6,619,113,75,43,1600,6.2,3.65,0.179,97,3,100,11.88,5.19,0.1,2.7,6.3,91.1,4,3,Jarrah Forest
DA03,-33.3131,116.8061,252,15.3,0.52,4.6,26,10,21.2,10,533,99,73,39,6,5.7,1.44,0.065,44,2,65,0.64,1.2,0.12,2.8,2.5,94.7,4,4,Jarrah Forest
DA04,-33.4703,116.6333,302,14.8,0.52,4.2,25.8,9.6,20.6,9.6,604,109,73,43,8,6,4.93,0.15,88,6,110,1.5,6.37,0.21,1.8,2.5,95.7,2,4,Jarrah Forest
DA05,-33.4881,116.8867,229,15.4,0.52,4.8,25.6,10.2,21.1,10.2,499,89,68,41,14,5.9,1.34,0.069,52,2,75,0.94,1.23,0.17,2.8,1.8,95.4,4,1,Jarrah Forest
DA06,-33.5017,116.9483,214,15.5,0.52,5,25.5,11.2,21.2,10.3,482,86,68,40,7,6.3,2.82,0.131,91,3,120,1.06,5.33,0.23,2.8,1.5,95.7,2,1,Jarrah Forest
DA08,-33.6469,116.9386,246,15.2,0.52,5,25.1,10.1,20.8,10.1,500,88,67,41,3,5.9,1.42,0.043,29,2,31,0.45,1.93,0.08,2.2,1.7,96.1,2,2,Jarrah Forest
DA09,-33.6497,116.94,247,15.2,0.52,5,25.1,10.1,20.8,10.1,500,88,66,42,6,5.5,2.04,0.077,44,0.2,61,0.59,1.9,0.13,2.8,2.5,94.7,4,1,Jarrah Forest
DA10,-33.6058,116.6275,312,14.7,0.52,4.2,25.5,9.5,20.4,9.5,603,108,71,44,4,6,4.75,0.125,96,2,82,1.69,7.09,0.14,1.9,2.9,95.2,2,3,Jarrah Forest
DA11,-33.2981,116.7719,343,14.8,0.52,4.2,25.9,9.5,20.7,9.5,570,105,73,42,4,6.2,2.54,0.119,73,0.2,130,0.77,3.86,0.28,1.7,2.4,95.9,5,2,Jarrah Forest
DA12,-33.6203,116.5806,311,14.6,0.52,4.2,25.5,9.5,20.3,9.5,622,112,72,44,5,5.2,2.4,0.061,30,2,29,0.78,3.19,0.06,2.3,0.8,96.9,1,9,Jarrah Forest
DA13,-33.8417,116.9886,272,15,0.51,5.1,24.4,10,20.4,10,521,89,65,43,8,6.1,3.47,0.229,120,2,220,1.32,12.1,0.41,3.7,4.2,92.2,4,2,Jarrah Forest
DA14,-33.2963,116.805,250,15.3,0.52,4.6,26,10,21.2,10,533,99,73,39,10,4.9,5.99,0.349,170,7,73,0.54,0.71,0.1,3.8,9.5,86.7,5,2,Jarrah Forest
DA15,-33.5288,116.7305,238,15.2,0.52,4.6,25.7,10,20.9,10,546,98,70,42,23,5.4,2.38,0.103,62,2,94,1.34,3.22,0.16,2.5,3.7,93.8,2,2,Jarrah Forest
DA16,-33.5249,116.7341,234,15.2,0.52,4.6,25.7,10,21,10,544,97,70,42,25,5.8,1.4,0.062,42,2,34,1.31,1.42,0.06,2.2,2.3,95.6,4,1,Jarrah Forest
DA17,-33.5875,116.6032,310,14.7,0.52,4.2,25.6,9.5,20.4,9.5,613,110,72,44,5,5.5,2.11,0.061,25,2,34,0.76,4.29,0.06,2.3,0.8,96.9,1,9,Jarrah Forest
DA19,-34.0247,117.0328,302,14.7,0.52,5.2,23.6,9.9,19.9,9.9,551,90,63,53,52,6,11.1,0.276,170,7,390,6.41,13.85,0.63,2.1,4.8,93.1,4,2,Jarrah Forest
DA22,-33.6911,117.2489,270,15.2,0.51,5.2,24.7,11,20.8,10.1,479,83,64,43,3,5.8,1.17,0.045,22,0.2,29,0.31,1.54,0.07,1.8,0.9,97.2,1,9,Jarrah Forest
DA23,-33.5955,117.2253,261,15.3,0.51,5.2,25,11.1,21,10.2,466,82,65,42,7,5.7,2.97,0.104,62,2,110,1.4,4.36,0.24,3.6,2.3,94,2,2,Avon Wheatbelt
DA24,-33.4946,117.2546,240,15.6,0.51,5.2,25.3,11.2,21.3,10.3,446,79,65,41,230,6.5,4.14,0.183,110,4,350,13.24,11.18,0.53,5.9,1.5,92.7,4,1,Avon Wheatbelt
DA25,-33.6129,116.6298,310,14.7,0.52,4.2,25.5,9.5,20.4,9.5,601,108,71,44,10,5.3,2.67,0.088,41,3,48,1.22,4.3,0.12,16.6,7.5,75.9,1,9,Jarrah Forest
DA26,-33.6965,117.2421,279,15.2,0.51,5.2,24.7,11,20.7,10.1,483,83,64,43,8,5.7,1.52,0.06,40,2,110,1.32,2.68,0.18,5.8,2.5,91.7,4,1,Jarrah Forest
DA27,-33.4992,117.0668,226,15.5,0.51,5.1,25.4,11.2,21.2,10.3,463,83,67,40,8,6,0.82,0.051,40,2,160,2.37,1.45,0.28,19.6,4.6,75.8,4,1,Jarrah Forest
DN01,-30.3714,115.9843,227,18,0.51,5.5,28.6,12.8,22.7,11.8,431,87,77,46,4,5.7,0.42,0.015,10,3,67,0.13,0.23,0.14,2.3,0.8,96.9,4,4,Swan Coastal Plain
DN02,-30.2586,116.0187,300,17.8,0.5,5.3,28.9,12.5,22.6,11.5,422,85,76,47,5,5.6,0.85,0.047,26,3,73,0.2,0.59,0.16,3.1,4.6,92.3,2,1,Geraldton Sandplains
DN03,-30.1881,116.0316,264,18.1,0.51,5.4,29.1,12.8,22.9,11.7,402,82,76,46,4,6.1,0.54,0.02,20,2,48,0.22,0.94,0.09,1.8,2,96.3,1,9,Geraldton Sandplains
DN04,-30.1558,115.9594,245,18.2,0.51,5.6,29,13,23,11.9,411,85,77,45,11,6.5,1.51,0.077,52,4,180,2.05,4.24,0.39,2.7,2.2,95.2,1,9,Geraldton Sandplains
DN05,-30.0114,115.9011,230,18.5,0.51,5.9,29.1,12.2,23.3,12.2,403,85,79,44,2,6.1,0.56,0.02,12,0.2,20,0.11,0.81,0.02,1.1,1.3,97.6,1,9,Geraldton Sandplains
DN06,-30.0622,115.9198,234,18.4,0.51,5.8,29.1,12.1,23.2,12.1,406,85,78,44,13,7.4,1.11,0.068,89,6,200,0.99,5.1,0.5,5.7,3.7,90.7,4,1,Geraldton Sandplains
DN08,-30.1376,115.7926,279,18.1,0.51,5.7,28.5,11.9,22.6,11.9,460,96,80,44,2,6.3,0.34,0.011,11,0.2,14,0.002,0.46,0.002,2.9,1,96.1,1,2,Geraldton Sandplains
DN09,-30.1919,115.7344,294,17.9,0.51,5.8,28.2,11.8,22.4,11.8,489,102,81,44,3,5.8,0.95,0.022,14,5,24,0.24,1.71,0.04,1.9,1.5,96.7,4,7,Geraldton Sandplains
DN10,-30.0718,115.569,316,18,0.51,6.1,27.9,12,22.3,12,522,113,85,42,3,6,0.74,0.018,1,0.2,27,0.25,1.47,0.06,1.3,1.1,97.6,1,9,Geraldton Sandplains
DN11,-30.0304,115.5536,327,18,0.51,6.1,28,12,22.3,12,522,114,85,42,2,5.9,0.57,0.016,1,0.2,1,0.002,0.56,0.002,2.9,0.7,96.4,1,9,Geraldton Sandplains
DN12,-30.0305,115.5633,325,18,0.51,6.1,28,12,22.3,12,519,113,85,42,2,5.8,0.56,0.016,12,0.2,1,0.002,0.53,0.002,2.7,1.4,95.9,1,9,Geraldton Sandplains
DU01,-33.2322,117.4253,330,15.4,0.5,4.7,25.8,10.9,21.3,9.9,426,74,63,42,7,5.2,3.41,0.154,67,4,110,1.06,2.68,0.22,1.4,3,95.6,5,4,Avon Wheatbelt
DU02,-33.0853,117.7819,340,15.5,0.5,4.5,26.3,10.9,21.6,9.9,385,64,58,42,5,5.5,2.15,0.104,86,2,98,0.91,2.76,0.18,2.9,2.9,94.2,5,3,Avon Wheatbelt
DU03,-33.0772,117.6956,423,15.1,0.5,4.2,26.2,10.4,21.2,9.4,408,69,59,44,4,6,2.8,0.103,61,2,76,0.82,3.52,0.16,2.8,2.1,95.1,4,2,Avon Wheatbelt
DU04,-33.05,117.6842,399,15.2,0.5,4.3,26.3,10.5,21.3,9.6,403,68,60,43,7,5.5,1.24,0.043,26,2,26,0.28,1.34,0.06,1.5,0.7,97.9,1,9,Avon Wheatbelt
DU06,-33.3789,117.6419,272,15.6,0.51,5,25.5,11.2,21.4,10.2,399,66,57,43,130,5.7,1.81,0.104,79,2,120,12.54,10.05,0.53,1.2,3.5,95.3,4,2,Avon Wheatbelt
DU07,-33.7186,117.855,281,15.2,0.51,5.1,24.1,11.1,20.6,10.2,400,62,54,44,210,6.2,1.47,0.076,60,3,95,5.57,4.69,0.2,5.2,2.9,94.8,4,2,Avon Wheatbelt
DU09,-33.4522,118.1158,305,15.4,0.51,4.8,25,11,21,10.1,389,61,54,45,12,5.8,1.76,0.063,41,2,63,1.26,2.94,0.14,4.5,3.1,92.4,4,1,Mallee
DU10,-33.3361,118.2594,367,15.2,0.51,4.5,25.3,10.8,20.9,9.8,373,58,52,45,56,6.2,3.64,0.178,290,27,450,6.32,11.38,0.75,11.1,4.8,84.1,4,1,Mallee
DU11,-33.3425,118.2594,363,15.2,0.51,4.5,25.3,10.8,20.9,9.8,373,58,52,45,11,6.5,3.69,0.124,72,3,310,2.49,9.79,0.6,4.9,2.2,92.9,2,2,Mallee
DU12,-33.3575,118.3142,352,15.3,0.51,4.6,25.2,10.8,20.9,9.9,366,57,51,45,2,5.9,0.95,0.031,28,0.2,100,0.19,0.84,0.04,6.6,1.2,92.2,1,9,Mallee
DU14,-33.2316,117.4319,328,15.4,0.5,4.8,25.8,10.9,21.3,9.9,425,73,63,42,37,5.5,7.49,0.18,84,5,260,3.04,4.1,0.43,3.8,2.4,93.8,4,3,Avon Wheatbelt
DU15,-33.0642,117.6967,416,15.1,0.5,4.2,26.2,10.4,21.2,9.5,406,68,60,43,6,6.4,3.32,0.144,120,6,220,1.53,7.57,0.36,7.5,2.4,90.1,4,2,Avon Wheatbelt
DU16,-33.0892,117.7796,340,15.5,0.5,4.5,26.3,10.9,21.6,9.9,385,64,58,42,11,6,3.26,0.135,110,7,180,1.92,7.36,0.34,6.7,1.7,91.5,2,2,Avon Wheatbelt
DU17,-33.0892,117.8378,310,15.7,0.5,4.6,26.3,11.1,21.7,10.1,376,62,57,41,14,5.9,2.82,0.116,92,6,150,2.16,5.64,0.28,3,2.1,94.9,4,1,Avon Wheatbelt
DU18,-33.1017,117.8357,306,15.7,0.51,4.7,26.3,11.1,21.7,10.1,376,62,57,41,92,6.2,2.34,0.1,64,2,200,5.78,4.79,0.34,3.9,1.9,94.3,4,2,Avon Wheatbelt
DU19,-33.7155,117.8539,281,15.2,0.51,5.1,24.1,11.1,20.6,10.2,401,62,54,44,4,5.4,0.9,0.033,17,0.2,17,0.2,1.14,0.03,6.4,1.1,92.5,1,9,Avon Wheatbelt
DU20,-33.7108,118.3249,347,14.9,0.52,4.8,23.7,10.8,20.1,9.9,385,57,48,49,36,6.7,1.59,0.079,62,4,130,5.6,4.13,0.27,24,2.5,73.6,4,2,Mallee
DU21,-33.6545,118.305,331,15,0.52,4.9,24,10.9,20.4,10,382,57,49,48,4,5.8,1.03,0.04,30,2,28,0.29,1.34,0.06,9.2,1,89.9,1,9,Mallee
DU24,-33.0962,118.1579,421,15.1,0.5,4.1,26.2,10.5,21.2,9.5,377,60,54,44,6,6.1,3.07,0.117,72,2,150,1.59,3.42,0.31,10.9,4.5,84.6,2,1,Mallee
DU25,-33.0887,117.6914,410,15.1,0.5,4.3,26.2,10.5,21.2,9.5,406,68,59,43,4,5.6,1.45,0.05,31,2,34,0.35,1.5,0.08,9.9,0.6,89.5,2,4,Avon Wheatbelt
ES01,-33.7469,121.8153,88,15.9,0.55,6.6,19.8,11.7,19.9,11.7,574,84,51,68,3,5.5,0.71,0.028,1,2,18,0.17,0.78,0.02,2.3,0.8,96.9,1,9,Esperance Plains
ES02,-33.7283,121.7972,96,15.8,0.54,6.5,20.1,11.6,19.9,11.6,563,81,50,68,4,5.8,0.46,0.025,1,0.2,68,0.27,0.49,0.13,1.7,2,96.3,2,3,Esperance Plains
ES05,-33.4886,121.9711,175,15.6,0.54,5.7,21.9,11.1,20.1,11.1,461,59,41,67,4,6,0.87,0.032,10,2,65,0.6,1.34,0.12,1.7,2.1,96.2,4,1,Mallee
ES07,-33.4747,122.1214,195,15.5,0.54,5.6,21.8,11,20,11,464,59,40,68,3,5.9,0.59,0.03,17,2,68,0.43,1.09,0.12,1.6,2.6,95.8,2,1,Mallee
ES08,-33.4583,122.1406,271,15.1,0.54,5.2,21.9,10.5,19.7,10.5,467,59,39,69,4,6.3,0.93,0.037,11,2,75,0.78,2,0.17,1,2.4,96.6,5,1,Mallee
ES09,-33.4847,122.2408,148,15.8,0.55,5.8,21.6,11.3,20.2,11.3,462,59,40,67,4,5.9,0.86,0.031,1,3,46,0.28,1.04,0.07,1.7,1.9,96.5,4,2,Mallee
ES11,-33.7314,122.2972,115,15.7,0.55,6.3,20,11.5,19.7,11.5,580,84,50,70,4,5.5,2.99,0.144,80,2,23,0.22,0.61,0.04,1.8,1.4,96.8,1,9,Esperance Plains
ES14,-33.2923,122.1191,279,15.3,0.54,5,22.9,10.4,20.1,10.4,417,50,34,64,7,6,1.38,0.078,79,3,97,0.71,1.2,0.17,2.3,2.5,95.2,5,2,Mallee
ES15,-33.2923,122.122,287,15.2,0.54,4.9,22.9,10.4,20,10.4,418,50,34,64,9,6,2.7,0.18,83,2,260,1.7,5.5,0.45,3.7,2.4,93.9,5,2,Mallee
ES16,-33.2905,122.1253,294,15.2,0.54,4.9,22.9,10.3,20,10.3,419,50,34,64,5,6.6,2.25,0.104,80,3,260,2.72,4.95,0.54,1.4,4.7,93.9,4,1,Mallee
ES17,-33.2854,122.119,270,15.3,0.54,5,23,10.5,20.1,10.5,414,50,34,63,2,6,0.76,0.036,26,0.2,140,0.97,1.76,0.24,2.7,3.6,93.8,2,2,Mallee
ES18,-33.2784,122.1097,239,15.5,0.54,5.1,23,11.5,20.3,10.7,407,49,34,62,36,8,1.08,0.041,20,2,230,2.49,4.28,0.51,2.2,2.8,95,4,1,Mallee
ES19,-33.6173,122.4068,151,15.6,0.55,5.9,20.7,11.3,19.8,11.3,516,69,44,69,3,5.7,0.84,0.024,10,2,22,0.27,0.91,0.06,0.6,1.6,97.8,2,2,Esperance Plains
ES20,-33.437,122.3931,169,15.7,0.55,5.6,21.8,11.1,20.1,11.1,453,56,39,68,9,6.3,2.36,0.057,61,2,150,1.15,2.98,0.34,2.7,1.8,95.5,1,9,Mallee
ES21,-33.4364,122.3942,171,15.7,0.55,5.6,21.8,11.1,20.1,11.1,453,56,39,68,10,6,2.39,0.043,35,0.2,160,1.33,2.91,0.29,4.3,0.8,94.9,1,9,Mallee
ES22,-33.3979,122.4347,278,15.2,0.54,5.1,22,10.5,19.7,10.5,458,56,37,70,2,6.4,0.7,0.032,26,0.2,140,1,2.04,0.25,2.1,4.5,93.4,2,2,Mallee
ES23,-33.4064,122.4256,250,15.3,0.54,5.2,22,10.7,19.8,10.7,456,56,37,70,25,7.8,1.91,0.077,35,2,320,3.64,8.25,0.78,2.3,4.6,93,4,2,Mallee
ES24,-33.4115,122.4218,237,15.4,0.54,5.3,22,10.7,19.9,10.7,455,56,38,69,6,6.9,1.9,0.053,35,2,170,2.36,5.07,0.44,4.3,5.9,89.8,4,2,Mallee
GP01,-33.3483,120.8725,257,15.7,0.54,5.5,23.2,10.9,20.6,10.9,363,42,29,54,4,6.2,0.84,0.025,11,0.2,56,0.39,1.39,0.12,2.1,2.5,95.4,2,2,Mallee
GP02,-33.3669,120.9953,242,15.7,0.54,5.5,23.1,10.9,20.5,10.9,367,42,29,54,4,6.2,1.27,0.068,28,0.2,150,0.59,1.78,0.3,2.5,3.7,93.8,5,2,Mallee
GP03,-33.2578,121.0964,229,15.9,0.54,5.4,23.7,10.9,20.8,10.9,346,40,28,54,29,8.4,2.02,0.093,42,2,500,3.19,10.68,1.84,2.9,5.6,91.5,4,2,Mallee
GP04,-33.1586,121.0008,231,16,0.54,5.3,24.1,11.8,21.1,10.9,325,38,27,52,10,7.2,1.79,0.07,68,2,230,1.43,6.73,0.55,1.8,2.2,96,1,9,Mallee
GP06,-33.1128,121.1931,237,15.9,0.54,5.1,24.4,11.6,21.1,10.8,328,38,26,54,3,5.8,0.46,0.022,1,0.2,24,0.17,1.2,0.05,1.8,1.7,96.6,1,9,Mallee
GP07,-33.2056,121.3022,191,16,0.54,5.3,24,11.8,21,11,345,41,29,55,380,6.9,1.81,0.096,170,6,460,8.31,1.68,1.39,5.4,6.7,87.9,4,1,Mallee
GP08,-33.3858,121.5822,179,15.8,0.54,5.5,23,11.8,20.6,11,397,49,35,65,7,7.6,1.2,0.041,13,0.2,71,0.98,4.22,0.15,1.1,2.5,96.4,4,2,Mallee
GP09,-33.5172,121.5592,143,15.9,0.54,5.9,22.2,11.3,20.4,11.3,445,56,40,66,24,8,1.1,0.044,17,0.2,170,1.54,2.9,0.36,2,3.3,94.7,4,3,Mallee
GP10,-33.5089,121.4669,144,15.9,0.54,5.9,22.2,11.3,20.5,11.3,439,54,39,66,20,7.9,1.09,0.051,23,3,290,2.57,17.17,0.79,4.4,5.1,90.4,4,2,Esperance Plains
GP12,-33.4753,121.2361,171,15.9,0.54,5.8,22.5,11.2,20.5,11.2,415,50,35,68,4,6.4,0.97,0.038,12,0.2,59,0.81,2.56,0.1,3.2,1.5,95.4,4,1,Mallee
GP13,-33.7225,121.0656,76,16.2,0.55,6.6,21.2,11.9,20.5,11.9,501,64,43,70,4,5.6,0.67,0.03,14,2,65,0.42,1.11,0.11,2.7,2.2,95.2,2,2,Esperance Plains
GP14,-33.3932,121.6507,184,15.7,0.54,5.4,23,11.8,20.5,11,399,49,35,65,6,6.4,0.96,0.043,25,2,58,0.35,1.8,0.12,1.7,1.4,96.9,4,5,Mallee
GP15,-33.1628,120.9702,233,16,0.54,5.3,24.1,11.8,21.1,10.9,325,38,27,52,33,8.1,1.49,0.097,64,4,340,1.74,8.08,0.77,2.2,2.1,95.7,1,9,Mallee
GP16,-33.1609,120.9939,231,16,0.54,5.3,24.1,11.8,21.1,10.9,325,38,27,52,120,8.5,2.86,0.209,92,6,710,8.26,14.84,2.23,2.3,4.1,93.6,4,4,Mallee
GP17,-33.1515,121.2073,215,16,0.54,5.2,24.3,11.7,21.1,10.9,333,39,27,54,250,8.4,4.2,0.277,140,14,1100,9.4,13.34,2.46,3.4,3.6,93,4,4,Mallee
GP18,-33.6853,120.7778,121,16.1,0.55,6.5,21.6,12.6,20.5,11.7,480,58,39,72,6,6.5,1.57,0.053,33,2,120,1.81,2.36,0.32,3,4.4,92.6,2,1,Esperance Plains
GP19,-33.6617,120.8017,142,16.1,0.55,6.3,21.7,12.4,20.5,11.6,473,57,38,73,8,6,1.68,0.108,83,2,100,0.94,1.48,0.18,3.6,3.5,93,5,1,Esperance Plains
GP20,-33.5118,120.5866,175,16.1,0.54,6.2,22.5,12.3,20.7,11.5,412,49,34,57,7,7,2.26,0.079,35,2,180,2.52,6.98,0.46,1.5,2.8,95.7,4,2,Mallee
GP21,-33.4948,120.5985,186,16.1,0.54,6.1,22.5,12.3,20.7,11.4,408,49,34,57,2,5.8,0.69,0.023,12,0.2,20,0.18,0.88,0.04,1.3,1.1,97.6,1,9,Mallee
GP22,-33.4753,120.6127,200,16,0.54,6,22.6,12.2,20.7,11.3,403,48,33,57,1,6.2,0.45,0.019,11,0.2,26,0.06,0.5,0.03,1.7,1.8,96.5,2,2,Mallee
GP23,-33.3711,120.7806,215,16,0.54,5.8,23.1,12,20.8,11.1,368,43,30,54,10,6.2,2.23,0.089,58,5,87,2.31,3.63,0.15,4.2,2.3,93.5,4,2,Mallee
GP24,-33.3563,121.0276,235,15.8,0.54,5.5,23.2,10.9,20.6,10.9,365,41,29,54,2,6.4,0.99,0.039,25,0.2,100,0.7,2.21,0.15,2.5,3.7,93.8,2,2,Mallee
GP25,-33.2692,121.6428,201,15.8,0.54,5.2,23.7,11.6,20.7,10.8,365,44,32,59,5,7.5,1.03,0.055,37,2,170,2.37,6.64,0.39,0.2,2.2,97.6,4,2,Mallee
HY01,-32.6319,118.9944,391,15.9,0.51,4.2,27.1,10.9,20.7,10,348,53,49,46,4,6.3,1.25,0.044,46,2,73,0.87,2.26,0.12,1.3,2.4,96.4,4,2,Mallee
HY03,-32.6444,118.9864,394,15.9,0.51,4.2,27.1,10.9,20.7,9.9,349,53,49,46,15,6.5,2.1,0.085,84,4,290,4.5,5.29,0.61,0.3,1.8,98,4,2,Mallee
HY04,-32.6908,118.975,397,15.8,0.51,4.2,27,10.9,20.6,9.9,350,54,49,45,4,6.1,0.99,0.03,17,0.2,120,0.66,1.19,0.24,1.2,2.3,96.6,2,1,Mallee
HY05,-32.7597,119.0019,420,15.6,0.51,4.2,26.7,10.8,20.3,9.8,354,54,49,46,5,6.2,1.63,0.046,22,0.2,78,0.72,3.68,0.15,2.7,3.3,94,2,3,Mallee
HY06,-32.7694,119.0089,423,15.6,0.51,4.2,26.7,10.7,20.3,9.8,354,54,49,47,2,6.1,0.69,0.025,10,0.2,35,0.21,1.03,0.05,3.2,4.3,92.5,1,9,Mallee
HY07,-32.7778,119.2336,422,15.7,0.51,4.3,26.4,10.8,20.2,9.9,347,51,45,48,2,6.1,0.43,0.022,18,0.2,32,0.11,0.75,0.03,1.2,1.5,97.2,1,1,Mallee
HY09,-32.9139,119.4756,339,16,0.52,4.8,25.7,11.4,20.3,10.4,327,46,41,48,5,5.7,0.53,0.024,14,0.2,73,0.49,0.91,0.15,2.7,2.5,94.8,1,9,Mallee
HY10,-32.6931,119.3403,323,16.3,0.51,4.7,26.6,11.4,20.9,10.5,329,48,44,46,13,6.2,1.64,0.096,80,2,150,0.98,5.21,0.34,1.8,1.7,96.4,5,4,Mallee
HY12,-32.5422,119.3783,310,16.5,0.51,4.7,27,11.5,22.6,10.6,327,48,44,46,29,7.4,2.08,0.115,110,5,540,5.01,8,1.53,2.1,3.9,94.1,4,3,Mallee
HY13,-32.6147,119.1028,342,16.2,0.51,4.5,27.1,11.2,21,10.3,339,51,47,46,18,6.4,0.85,0.034,28,0.2,88,1.18,2.77,0.22,2.8,2.6,94.5,4,2,Mallee
HY14,-32.5572,119.0678,331,16.3,0.51,4.5,27.3,11.3,21.1,10.3,338,51,48,45,19,6.5,0.67,0.034,27,2,120,0.95,3.84,0.31,4.7,3.3,92.1,2,3,Mallee
HY15,-32.7797,119.0759,451,15.5,0.51,4.1,26.5,10.6,20.1,9.6,357,54,47,48,21,6.8,2.25,0.084,37,3,160,3.74,5.59,0.31,4.9,2.9,92.2,4,2,Mallee
HY16,-32.8217,119.0661,409,15.7,0.51,4.3,26.4,10.8,20.2,9.9,350,53,47,47,13,6.6,1.94,0.079,74,5,240,3.54,5.27,0.64,4.3,3.8,91.9,4,2,Mallee
HY17,-32.8246,119.0436,408,15.7,0.51,4.3,26.5,10.8,20.2,9.9,351,53,48,47,4,5.7,0.5,0.021,20,0.2,52,0.21,0.56,0.11,2.9,2.9,94.3,2,2,Mallee
HY18,-32.8219,119.0336,407,15.7,0.51,4.3,26.5,10.8,20.2,9.9,351,53,48,47,10,6.6,0.99,0.048,50,0.2,77,0.64,3.46,0.19,1.2,3.1,95.7,5,7,Mallee
HY19,-32.7305,119.0034,402,15.8,0.51,4.2,26.8,10.9,20.4,9.9,350,53,49,46,69,5.8,2.52,0.065,46,0.2,100,2.95,1.93,0.2,9.8,3.3,86.9,4,1,Mallee
HY21,-32.8175,119.4011,313,16.2,0.52,4.9,26.1,11.5,20.6,10.5,325,47,43,47,37,6.9,2.75,0.124,69,2,470,6.31,8.67,1.31,4.6,5.4,90,4,1,Mallee
HY22,-32.6078,119.3472,366,16.1,0.51,4.5,26.8,11.2,22.2,10.2,337,49,44,48,3,6.1,1.18,0.048,40,0.2,110,0.42,1.7,0.22,2.3,2.3,95.4,2,2,Mallee
HY23,-32.6881,119.0946,357,16.1,0.51,4.4,26.9,11.1,20.7,10.2,341,51,47,46,8,6.6,1.24,0.05,41,3,86,2.29,2.51,0.2,4.3,2.7,92.9,4,1,Mallee
HY24,-32.7022,119.3692,320,16.3,0.51,4.7,26.5,11.4,20.9,10.5,328,48,44,46,33,7.9,2.46,0.124,64,4,300,2.22,13.76,0.74,2.2,2.4,95.4,1,9,Mallee
HY26,-32.7552,119.1314,398,15.8,0.51,4.3,26.6,10.9,20.4,10,346,52,47,47,8,5.8,1.2,0.04,29,0.2,71,0.43,1.44,0.08,3.3,1.6,95.1,2,4,Mallee
HY27,-32.753,119.1109,392,15.8,0.51,4.3,26.6,10.9,20.4,10,346,52,47,47,4,6.2,0.7,0.027,18,0.2,96,0.34,0.88,0.18,3.1,2,94.8,2,1,Mallee
HY28,-32.756,119.1378,396,15.8,0.51,4.3,26.6,10.9,20.4,10,346,52,47,47,3,6.2,0.53,0.026,21,0.2,98,0.36,0.85,0.19,3.7,3.1,93.2,2,1,Mallee
HY29,-32.639,118.9761,398,15.9,0.51,4.2,27.1,10.9,20.7,9.9,350,54,49,46,6,6.7,2.74,0.094,73,2,350,2.98,7.51,0.97,2.5,3.7,93.8,2,1,Mallee
HY30,-32.63,118.9748,398,15.9,0.51,4.2,27.2,10.9,20.7,9.9,350,54,49,46,4,6.2,1.08,0.039,30,0.2,94,0.5,1.74,0.16,2.6,2.7,94.6,4,1,Mallee
HY31,-32.6244,118.9754,398,15.9,0.51,4.2,27.2,10.9,20.7,9.9,350,54,49,46,3,6.2,1.02,0.044,43,0.2,150,0.52,1.82,0.27,2.6,3.3,94.1,2,2,Mallee
HY32,-32.6136,118.9536,400,15.9,0.5,4.2,27.2,10.9,20.7,9.9,350,54,50,45,4,6.2,0.74,0.036,31,0.2,180,0.98,1.69,0.35,3.7,2.8,93.4,2,4,Mallee
HY33,-32.7513,118.9524,416,15.7,0.51,4.2,26.8,10.8,20.3,9.8,354,54,50,46,3,6.3,0.62,0.026,19,0.2,72,0.22,0.94,0.14,1.7,2.2,96,2,1,Mallee
HY34,-32.7873,119.0679,452,15.5,0.51,4.1,26.5,10.6,20.1,9.6,357,54,47,48,6,6.5,1.21,0.061,72,0.2,150,1.08,3.54,0.44,1.8,2.3,95.9,5,1,Mallee
HY35,-32.6442,118.9908,393,15.9,0.51,4.2,27.1,10.9,20.7,10,349,53,49,46,11,6.9,2.65,0.114,97,3,300,4.79,5.17,0.74,4.7,2.4,92.9,4,1,Mallee
HY36,-32.6132,118.9388,400,15.9,0.5,4.2,27.2,10.9,20.7,9.9,350,54,50,45,4,6.4,1.38,0.049,45,0.2,150,0.66,2.87,0.3,3,3.5,93.5,2,3,Mallee
HY37,-32.617,118.9438,400,15.9,0.5,4.2,27.2,10.9,20.7,9.9,350,54,50,45,15,5.8,2.41,0.075,52,2,150,5.28,6.46,0.54,10.7,2.3,87,4,2,Mallee
HY38,-32.6396,119.0695,348,16.2,0.51,4.4,27.1,11.2,20.9,10.2,340,51,48,45,4,6.4,0.67,0.029,24,0.2,130,0.97,1.51,0.29,3.7,2.8,93.4,2,2,Mallee
HY39,-32.6364,119.0501,358,16.1,0.51,4.4,27.1,11.1,20.8,10.2,342,52,48,45,4,6.1,0.84,0.034,27,2,150,0.99,1.48,0.3,3.6,2.7,93.6,2,1,Mallee
HY40,-32.6949,118.9446,385,15.9,0.51,4.3,27,10.9,20.6,10,348,54,50,45,4,6.2,0.77,0.026,20,0.2,88,0.41,0.98,0.19,3.6,2.5,93.9,2,2,Mallee
HY41,-32.7064,118.9434,381,15.9,0.51,4.3,27,11,20.6,10,348,54,50,45,16,6.8,3.03,0.135,150,5,280,3.9,9.04,0.75,6.7,2.7,90.6,4,1,Mallee
HY42,-32.6909,119.0304,380,15.9,0.51,4.3,26.9,11,20.6,10,346,53,48,46,19,7.1,2.74,0.112,66,4,290,4.64,10.4,0.74,3.9,2.7,93.4,4,1,Mallee
HY43,-32.7454,118.9887,422,15.7,0.51,4.2,26.8,10.7,20.3,9.8,354,54,49,46,59,6,4.36,0.125,54,4,280,5.26,9.65,0.55,4.2,1,94.8,4,3,Mallee
HY44,-32.7203,119.0036,398,15.8,0.51,4.2,26.8,10.9,20.5,9.9,350,53,49,46,3,6.3,0.53,0.022,16,0.2,54,0.16,0.67,0.12,1.7,2,96.3,1,9,Mallee
HY45,-32.7716,119.0849,414,15.7,0.51,4.2,26.6,10.8,20.3,9.9,350,53,47,47,4,6.4,1.23,0.05,44,2,150,0.4,1.64,0.31,4.2,4.4,91.3,4,1,Mallee
HY46,-32.7843,119.0712,452,15.5,0.51,4.1,26.5,10.6,20.1,9.6,357,54,47,48,4,6.1,1.12,0.045,35,2,79,0.4,2.26,0.17,4.1,2.5,93.4,5,3,Mallee
HY47,-32.8279,119.0459,403,15.7,0.51,4.3,26.4,10.9,20.2,9.9,350,53,48,47,11,6.8,2.11,0.102,72,3,180,2.3,6.57,0.46,4.3,4.7,91,4,2,Mallee
HY48,-32.7448,119.0211,397,15.8,0.51,4.3,26.8,10.9,20.4,9.9,349,53,49,46,4,6.2,1.09,0.047,34,0.2,140,0.53,1.2,0.24,3.6,3,93.3,2,1,Mallee
HY49,-32.7465,119.0652,393,15.8,0.51,4.3,26.7,10.9,20.5,10,347,52,48,46,5,6.8,1.63,0.078,66,2,210,2.55,4.52,0.51,2.8,2.9,94.3,4,1,Mallee
HY50,-32.8347,119.0032,378,15.8,0.51,4.4,26.5,11,20.4,10,348,53,49,46,3,6.4,1.05,0.042,33,0.2,120,0.37,1.66,0.21,3.6,3.3,93,2,2,Mallee
HY51,-32.8337,119.0279,390,15.7,0.51,4.4,26.5,10.9,20.3,10,349,53,48,46,5,6.9,1.01,0.06,43,2,150,0.99,3.72,0.36,3.3,3.4,93.3,5,2,Mallee
HY52,-32.823,119.0371,407,15.7,0.51,4.3,26.5,10.8,20.2,9.9,351,53,48,47,11,5.9,3.6,0.218,78,3,210,2.12,10.2,0.42,3.9,2.6,93.5,5,2,Mallee
HY53,-32.8238,119.0597,409,15.6,0.51,4.3,26.4,10.8,20.2,9.9,351,53,47,47,35,7.4,3.5,0.186,280,24,580,6.62,17.5,1.56,1.7,2,96.3,4,1,Mallee
HY54,-32.8748,119.1153,343,16,0.51,4.6,26.2,11.2,20.4,10.3,338,50,46,46,10,6.2,1.57,0.067,36,3,140,1.5,3.73,0.31,2.9,1.3,95.8,4,3,Mallee
HY55,-32.8564,119.1854,339,16,0.51,4.7,26.2,11.3,20.5,10.3,334,49,45,46,3,6.8,0.61,0.029,28,2,84,1.02,2.03,0.23,5.8,2.1,92.1,4,1,Mallee
HY56,-32.6088,119.3572,360,16.2,0.51,4.5,26.8,11.2,22.2,10.3,336,49,44,48,2,6,0.61,0.031,24,0.2,99,0.46,1.22,0.16,2.8,2.3,94.8,2,2,Mallee
HY57,-32.6091,119.3487,366,16.1,0.51,4.5,26.8,11.2,22.2,10.2,337,49,44,48,11,6.4,1,0.034,33,2,120,1.04,2.7,0.2,3.3,1.6,95.1,4,1,Mallee
HY58,-32.6283,119.3336,372,16.1,0.51,4.5,26.8,11.1,22.1,10.2,338,50,44,48,5,6,0.91,0.033,25,0.2,76,0.5,1.65,0.14,2.2,2.1,95.7,2,1,Mallee
HY59,-32.6463,119.341,352,16.2,0.51,4.6,26.7,11.2,22.2,10.3,335,49,44,47,6,6,0.8,0.047,83,2,120,0.5,4.26,0.2,1.8,1.8,96.4,5,5,Mallee
HY60,-32.6443,119.3384,354,16.2,0.51,4.6,26.7,11.2,22.2,10.3,335,49,44,47,6,6,1.86,0.126,140,3,110,0.47,1.79,0.16,3.7,3.1,93.2,5,1,Mallee
HY62,-32.6446,119.3884,332,16.3,0.51,4.7,26.7,11.4,22.3,10.4,330,48,43,47,10,6.9,0.75,0.026,14,2,74,0.73,3.25,0.21,2.9,1,96.1,4,3,Mallee
HY63,-32.644,119.3826,336,16.3,0.51,4.6,26.7,11.3,22.3,10.4,331,48,44,47,37,6.1,1.25,0.046,20,2,47,1.41,3.08,0.1,2.8,1.2,96,1,9,Mallee
HY64,-32.5862,119.4156,312,16.5,0.51,4.7,26.9,11.5,22.5,10.6,327,48,43,47,63,8.3,2.49,0.164,100,5,620,4.69,16.29,2.16,2.5,4.8,92.7,4,5,Mallee
HY66,-32.5416,119.3828,311,16.5,0.51,4.7,27,11.5,22.6,10.6,327,48,44,46,24,7.4,2.18,0.127,95,5,540,4.64,10.2,1.56,2.2,2.8,95,4,2,Mallee
HY67,-32.5482,119.3749,310,16.5,0.51,4.7,27,11.5,22.6,10.6,327,48,44,46,13,7.8,1.59,0.111,140,8,580,3.18,9.07,1.67,4,3.9,92.2,4,1,Mallee
HY68,-32.6307,119.3597,361,16.1,0.51,4.5,26.8,11.2,22.2,10.3,336,49,44,48,4,5.8,0.66,0.039,34,2,120,0.47,1.32,0.25,3.3,2.2,94.5,2,3,Mallee
HY69,-32.6203,119.3545,368,16.1,0.51,4.5,26.8,11.2,22.2,10.2,337,49,44,48,4,6.3,1.36,0.057,41,3,110,0.97,3.95,0.19,4.3,2.5,93.2,4,2,Mallee
HY72,-32.647,119.4007,324,16.3,0.51,4.7,26.7,11.4,22.3,10.5,329,48,43,47,18,7.9,0.96,0.063,45,2,370,2.38,8.1,1.1,3.2,3,93.8,4,1,Mallee
HY73,-32.5511,119.4415,328,16.4,0.51,4.7,26.9,11.4,22.5,10.5,329,48,43,47,9,6.8,0.69,0.027,25,2,85,0.99,3.26,0.29,4.2,1.8,93.9,4,2,Mallee
HY74,-32.5569,119.4186,312,16.5,0.51,4.7,26.9,11.5,22.5,10.6,327,48,43,47,3,6.2,0.96,0.052,53,2,120,0.74,2.76,0.21,5.2,4.3,90.5,4,2,Mallee
HY77,-32.5729,119.4043,311,16.5,0.51,4.7,26.9,11.5,22.5,10.6,327,48,43,46,8,7.6,1.36,0.086,81,4,480,4.14,7.67,1.58,3.8,3.2,93,4,2,Mallee
HY78,-32.5808,119.4088,312,16.5,0.51,4.7,26.9,11.5,22.5,10.6,327,48,43,46,9,7.7,1.77,0.123,100,4,580,3.48,10.78,1.84,4.1,4.6,91.4,4,1,Mallee
HY79,-32.644,119.3338,352,16.2,0.51,4.6,26.7,11.2,22.2,10.3,335,49,44,47,3,6.2,0.48,0.029,30,2,120,0.64,1.14,0.23,4.8,1.8,93.4,2,1,Mallee
HY80,-32.6451,119.3483,353,16.2,0.51,4.6,26.7,11.2,22.2,10.3,335,49,44,47,4,6.5,0.8,0.031,49,2,80,1.14,3.32,0.39,3.7,3.1,93.2,4,2,Mallee
HY81,-32.6428,119.3394,357,16.2,0.51,4.5,26.7,11.2,22.2,10.3,335,49,44,47,11,6.4,1.85,0.096,140,6,300,2.66,6.12,0.5,3.7,3,93.3,4,1,Mallee
HY82,-32.6544,119.7111,422,15.8,0.51,4.4,26.3,10.9,20.4,10,341,47,41,50,28,6.4,2.54,0.114,59,5,440,5.01,8.72,0.86,4.7,2.1,93.2,4,1,Mallee
JB01,-31.5783,116.2636,128,17.6,0.51,6.2,26.6,11.9,23.8,11.9,671,136,85,43,7,5.3,2.13,0.121,72,3,110,0.72,1.12,0.24,2.2,4.1,93.7,4,2,Jarrah Forest
JB02,-31.5868,116.2664,161,17.4,0.5,6.1,26.5,11.7,23.6,11.7,689,140,85,44,10,5.9,2.86,0.13,89,3,120,1.16,5.16,0.25,1.2,3.8,95,5,1,Jarrah Forest
JB05,-31.6366,116.3979,212,17.2,0.5,5.6,27.1,11.3,23.6,11.3,616,126,84,36,8,5.6,2.91,0.103,67,4,75,0.95,2.77,0.16,3.3,2.8,93.8,4,1,Jarrah Forest
JB06,-31.3212,116.561,221,17.6,0.5,5.8,27.7,12.6,22.4,11.5,412,80,76,35,6,5.8,1.58,0.087,75,3,160,0.79,2.54,0.33,4.4,3.7,91.9,4,1,Avon Wheatbelt
JB07,-31.3099,116.4001,289,17.1,0.49,5.7,27.1,11.2,21.8,11.2,532,104,79,37,2,6,0.6,0.022,21,0.2,15,0.18,0.91,0.04,0.3,2.1,97.6,1,9,Jarrah Forest
JB08,-31.4002,116.3179,310,16.9,0.49,5.6,26.6,11,23.2,11,640,126,81,38,8,6.3,2.34,0.106,110,4,160,2.07,5.28,0.35,2.4,4.5,93,4,3,Jarrah Forest
JB09,-31.4513,116.2728,268,17,0.5,5.8,26.4,11.2,23.3,11.2,681,135,82,47,6,5.9,5.49,0.176,83,3,89,1.45,9.15,0.18,2,3.3,94.7,4,2,Jarrah Forest
JB10,-31.4502,116.2443,250,17.1,0.5,5.9,26.3,11.4,23.3,11.4,692,138,82,47,7,6,6.53,0.176,190,6,150,2.64,11.06,0.35,1.6,3.6,94.9,2,3,Jarrah Forest
JB11,-31.426,116.1651,219,17.2,0.5,6.2,25.9,11.6,23.3,11.6,712,141,83,45,170,6.3,4.38,0.164,210,5,140,8.9,1.51,0.2,1.8,7.7,90.5,4,2,Jarrah Forest
JB12,-31.4014,116.1644,254,17.1,0.5,6.1,25.9,11.4,23.2,11.4,714,141,83,46,2,5.8,0.99,0.024,27,2,23,0.5,1.87,0.06,0.4,1.9,97.7,2,4,Jarrah Forest
JB13,-31.3562,116.2174,271,17.1,0.5,6,26.2,11.3,23.3,11.3,671,133,81,47,3,6.3,1.32,0.052,47,2,60,0.61,2.44,0.1,0.8,2.3,97,1,9,Jarrah Forest
JB14,-31.5948,116.2657,190,17.2,0.5,6,26.4,11.6,23.4,11.6,707,143,85,45,19,5.9,9.06,0.232,120,7,300,3.44,10.37,0.48,2,2.1,95.9,4,1,Jarrah Forest
JB15,-31.6085,116.2615,243,17,0.5,5.9,26.2,11.3,23.2,11.3,741,150,85,46,6,6.1,1.45,0.061,62,4,120,0.54,1.98,0.24,2.3,3,94.7,2,4,Jarrah Forest
JB16,-31.6343,116.272,333,16.5,0.49,5.6,25.9,10.8,22.7,10.8,780,158,84,49,9,5.6,5.96,0.193,90,4,190,1.69,5.87,0.41,2,3.3,94.7,2,2,Jarrah Forest
JB19,-31.3075,116.4056,287,17.1,0.49,5.7,27.1,11.2,21.8,11.2,526,102,79,37,10,6.9,1.96,0.091,80,2,120,0.8,4.6,0.27,2.6,2.8,94.6,4,1,Jarrah Forest
JB21,-31.4938,116.5765,264,17.2,0.49,5.3,27.8,11,22,11,466,90,78,36,7,6.2,8.36,0.262,190,5,190,2.51,12.04,0.35,1.5,3.8,94.8,2,1,Avon Wheatbelt
JB22,-31.4938,116.5765,264,17.2,0.49,5.3,27.8,11,22,11,466,90,78,36,83,5.6,8.97,0.296,160,4,360,4.85,7.55,0.59,3.3,4.8,91.9,4,1,Avon Wheatbelt
JB23,-31.4924,116.5931,232,17.3,0.5,5.4,27.9,11.2,22.2,11.2,447,86,77,35,31,6.2,4.26,0.227,260,7,440,7.88,11.53,0.67,3.4,5.5,91.1,4,2,Avon Wheatbelt
KL02,-31.9641,117.9343,246,17.2,0.49,4.8,28.6,11.9,22.4,10.9,312,55,61,35,24,6.7,1.63,0.098,140,10,560,4.14,5.56,1.45,3.2,4.6,92.1,4,2,Avon Wheatbelt
KL03,-31.9187,117.9798,260,17.2,0.49,4.7,28.7,11.9,22.4,10.8,314,55,60,36,3,6.1,0.58,0.029,23,2,49,0.26,0.97,0.06,1.4,1.2,97.5,1,9,Avon Wheatbelt
KL04,-31.8566,118.104,289,17.2,0.49,4.6,28.8,11.7,22.4,10.7,320,54,58,39,6,6.1,1.3,0.061,55,3,180,1.63,3.08,0.33,3.6,3.7,92.7,4,2,Avon Wheatbelt
KL05,-31.7612,118.063,349,16.9,0.49,4.5,28.7,11.5,22.2,10.4,329,56,57,41,2,6.1,0.59,0.025,23,2,58,0.2,1.11,0.09,1.7,3.3,95,5,5,Avon Wheatbelt
KL06,-31.7594,118.0292,345,17,0.49,4.5,28.7,11.5,22.3,10.4,328,56,58,40,2,5.4,0.76,0.03,19,0.2,28,0.22,0.58,0.06,2.8,1.9,95.3,1,9,Avon Wheatbelt
KL07,-31.4499,117.7747,343,17.3,0.48,4.9,28.4,11.8,22.6,10.8,327,56,58,40,7,6.4,1.26,0.053,63,2,140,1.84,3.09,0.26,3.7,2.8,93.5,4,2,Avon Wheatbelt
KL08,-31.4023,117.7589,387,17.1,0.48,4.8,28.4,11.6,22.4,10.6,335,57,58,41,4,5.8,1.12,0.06,57,0.2,120,0.32,1.98,0.19,2.8,2.6,94.5,5,2,Avon Wheatbelt
KL09,-31.4094,117.7505,384,17.1,0.48,4.8,28.3,11.6,22.4,10.6,336,57,58,41,2,5.8,0.5,0.021,16,0.2,38,0.14,0.42,0.05,3,1.9,95.1,2,1,Avon Wheatbelt
KL10,-31.4126,117.7552,381,17.1,0.48,4.8,28.4,11.6,22.4,10.6,335,57,58,41,2,5.6,0.44,0.022,23,0.2,38,0.2,0.46,0.06,2.8,1.8,95.4,1,9,Avon Wheatbelt
KL11,-31.4049,117.759,385,17.1,0.48,4.8,28.4,11.6,22.4,10.6,335,57,58,41,2,5.5,0.62,0.027,20,0.2,23,0.1,0.49,0.04,1.8,0.9,97.3,2,2,Avon Wheatbelt
KL12,-31.3774,117.9337,276,17.7,0.48,5.1,28.7,12.2,23.1,11.2,304,51,56,39,5,7.4,1.1,0.072,76,4,370,3.23,9.9,1.22,4.1,5.4,90.5,4,2,Avon Wheatbelt
KL13,-31.7325,117.7831,307,17.1,0.49,4.8,28.5,11.8,22.4,10.7,321,56,61,37,14,5.9,1.18,0.061,53,3,130,2.37,2.85,0.25,3.3,2.9,93.8,4,2,Avon Wheatbelt
KL14,-32.123,117.7769,375,16.3,0.49,4.2,28.3,11.1,21.5,10,353,64,65,36,2,5.5,0.5,0.024,18,0.2,72,0.27,0.79,0.13,2.8,2.5,94.8,2,6,Avon Wheatbelt
KL15,-32.1225,117.7793,374,16.3,0.49,4.2,28.3,11.1,21.5,10,353,63,65,36,4,5.8,0.97,0.036,21,0.2,69,0.33,0.74,0.14,2.8,1.5,95.7,2,2,Avon Wheatbelt
KL18,-31.5324,118.0835,263,17.7,0.49,5,28.9,12.1,23,11.1,306,51,55,40,79,8.4,2.57,0.172,160,9,970,3.43,18.73,2.43,1.9,6.8,91.3,4,2,Avon Wheatbelt
KL19,-31.4475,117.7788,342,17.3,0.48,4.9,28.4,11.8,22.6,10.8,326,56,58,40,17,6.2,1.32,0.064,62,2,180,2.29,3.61,0.35,4.6,3.7,91.7,4,2,Avon Wheatbelt
KL20,-31.9696,118.339,324,16.9,0.49,4.3,28.8,11.5,22.2,10.4,331,55,56,41,61,6.6,2.73,0.096,85,3,120,5.44,2.27,0.23,6.8,3.8,89.4,4,1,Avon Wheatbelt
KL21,-31.9697,118.3404,324,16.9,0.49,4.3,28.8,11.4,22.2,10.4,331,55,56,41,8,5.4,2.42,0.077,55,3,110,1.38,2.6,0.2,12.3,3.4,84.3,4,1,Avon Wheatbelt
KL22,-31.9689,118.3415,325,16.9,0.49,4.3,28.8,11.4,22.2,10.4,332,55,56,41,3,5.5,1.32,0.056,44,2,87,0.52,0.98,0.17,2.2,3.7,94.2,2,5,Avon Wheatbelt
KL23,-31.9826,118.3393,320,16.9,0.49,4.4,28.8,11.5,22.2,10.4,330,55,56,41,8,5.2,0.84,0.038,27,2,61,0.26,0.64,0.11,1.3,5.3,93.4,1,9,Avon Wheatbelt
KL24,-31.9841,118.4121,377,16.6,0.49,4.1,28.8,11.1,21.9,10.1,340,56,55,43,6,5.5,0.98,0.06,46,2,150,0.25,2.39,0.26,5.8,4.6,89.6,5,2,Avon Wheatbelt
KL25,-31.2571,118.1379,352,17.5,0.48,4.8,28.9,11.8,22.9,10.8,302,50,54,41,4,5.4,0.62,0.031,35,2,59,0.17,0.59,0.09,3.2,3.2,93.5,1,9,Avon Wheatbelt
KL26,-32.0896,117.6976,298,16.7,0.49,4.6,28.3,11.5,21.9,10.5,337,62,66,34,3,6.6,0.83,0.043,49,2,120,0.53,2.35,0.24,2.8,3.3,93.9,1,9,Avon Wheatbelt
KL27,-32.0892,117.693,295,16.8,0.49,4.6,28.3,11.5,21.9,10.5,337,62,66,34,4,5.8,0.54,0.037,32,2,62,0.12,0.74,0.09,3.2,2.6,94.1,4,7,Avon Wheatbelt
KL30,-32.1232,117.7807,373,16.3,0.49,4.2,28.3,11.1,21.5,10,352,63,65,36,2,5.9,0.59,0.027,24,0.2,57,0.25,1.04,0.12,2.3,2.5,95.2,2,2,Avon Wheatbelt
KL31,-32.1238,117.7846,370,16.3,0.49,4.3,28.3,11.1,21.5,10,352,63,65,36,5,6.4,2.47,0.103,70,3,140,1.88,5.32,0.25,2.2,2.4,95.4,4,1,Avon Wheatbelt
KL32,-32.1239,117.7796,374,16.3,0.49,4.2,28.3,11.1,21.5,10,353,63,65,36,1,5.6,0.6,0.034,29,0.2,44,0.35,0.94,0.08,2.8,1.8,95.4,1,9,Avon Wheatbelt
KL33,-32.1233,117.7753,377,16.3,0.49,4.2,28.3,11.1,21.5,10,353,64,65,36,5,6.3,1.75,0.066,51,3,63,1.03,3.17,0.1,1.8,2,96.2,4,2,Avon Wheatbelt
KL34,-32.1227,117.7692,377,16.3,0.49,4.2,28.3,11.1,21.5,10,354,64,65,36,1,5.5,0.55,0.027,22,0.2,28,0.13,0.53,0.06,1.3,1.6,97.1,1,9,Avon Wheatbelt
KL35,-32.1239,117.7554,373,16.3,0.49,4.2,28.3,11.1,21.5,10,354,64,65,36,3,5.8,1.19,0.04,29,0.2,61,0.43,0.82,0.1,2.3,1.3,96.4,2,1,Avon Wheatbelt
KL36,-32.1127,117.7548,367,16.4,0.49,4.3,28.3,11.1,21.5,10.1,351,63,65,36,2,5.9,0.54,0.025,25,2,47,0.14,0.84,0.1,3.4,2,94.6,1,9,Avon Wheatbelt
KL37,-32.1204,117.7631,375,16.3,0.49,4.2,28.3,11.1,21.5,10,354,64,65,36,2,5.6,0.58,0.025,22,0.2,37,0.12,0.54,0.07,2.3,1.3,96.4,1,9,Avon Wheatbelt
KL38,-32.1168,117.758,373,16.3,0.49,4.3,28.3,11.1,21.5,10,353,64,65,36,2,5.9,0.88,0.037,21,0.2,28,0.23,1.99,0.02,3.9,0.7,95.4,1,9,Avon Wheatbelt
KL39,-32.1169,117.749,362,16.4,0.49,4.3,28.3,11.1,21.5,10.1,351,63,65,36,10,6.3,1.53,0.064,52,3,96,3.57,2.27,0.17,5.6,3.6,90.8,4,1,Avon Wheatbelt
KL40,-32.1078,117.7514,361,16.4,0.49,4.3,28.3,11.2,21.6,10.1,350,63,65,36,3,5.5,0.42,0.023,20,0.2,30,0.32,0.57,0.06,3.8,2.3,93.8,2,2,Avon Wheatbelt
KL41,-32.1009,117.7534,354,16.5,0.49,4.3,28.3,11.2,21.6,10.1,348,63,65,36,6,6.7,1.2,0.066,50,2,100,2.28,1.58,0.22,5,3.4,91.6,4,1,Avon Wheatbelt
KL42,-32.1037,117.749,353,16.5,0.49,4.3,28.3,11.2,21.6,10.2,348,63,65,35,3,5.7,1.26,0.048,34,2,56,0.5,1.02,0.1,3.3,1.6,95.1,2,2,Avon Wheatbelt
KL43,-32.103,117.7548,358,16.4,0.49,4.3,28.3,11.2,21.6,10.1,349,63,65,36,8,6.3,2.01,0.092,66,4,160,2.27,4.8,0.27,4.2,2.7,93.1,4,2,Avon Wheatbelt
KL44,-32.114,117.7759,376,16.3,0.49,4.2,28.3,11.1,21.5,10,353,63,65,36,12,6,1.98,0.08,88,4,130,1.66,3.91,0.25,3.4,1.4,95.2,4,2,Avon Wheatbelt
KL45,-32.1081,117.7976,360,16.4,0.49,4.3,28.3,11.2,21.6,10.1,348,63,65,36,2,6,0.98,0.05,28,2,31,0.36,2.04,0.08,3.4,1.2,95.4,1,9,Avon Wheatbelt
KL46,-32.118,117.7698,376,16.3,0.49,4.2,28.3,11.1,21.5,10,353,64,65,36,3,6.1,1.12,0.059,38,2,57,0.41,2.54,0.11,3.2,2.7,94.1,2,5,Avon Wheatbelt
KL47,-32.1108,117.7859,369,16.4,0.49,4.3,28.3,11.1,21.5,10.1,350,63,65,36,6,6.6,1.88,0.086,62,2,110,1.27,4.3,0.21,24.3,0,79.6,4,2,Avon Wheatbelt
KL48,-32.108,117.7896,366,16.4,0.49,4.3,28.3,11.1,21.5,10.1,349,63,65,36,2,6,0.96,0.056,52,0.2,89,0.42,1.37,0.13,5.4,3.4,91.1,5,2,Avon Wheatbelt
KL49,-32.1165,117.8027,358,16.4,0.49,4.3,28.3,11.2,21.6,10.1,348,62,65,36,12,6.2,2.36,0.109,120,9,200,3.09,5.98,0.41,3.4,1.4,95.2,4,1,Avon Wheatbelt
KL50,-32.1195,117.7909,366,16.4,0.49,4.3,28.3,11.1,21.5,10.1,350,63,65,36,4,6,2.04,0.1,56,2,110,0.8,5.14,0.19,3.1,2.2,94.8,5,7,Avon Wheatbelt
KN01,-32.6747,118.3361,268,16.4,0.51,4.5,27.8,11.4,22.9,10.4,331,55,57,38,62,6.2,1.72,0.093,67,2,140,2.3,6.02,0.24,1.7,3.2,95.1,5,2,Mallee
KN02,-32.7208,118.2831,288,16.3,0.51,4.4,27.6,11.3,22.7,10.3,338,56,57,39,5,5.7,0.51,0.02,16,0.2,26,0.22,0.44,0.05,3.2,1.5,95.3,1,9,Mallee
KN03,-32.7369,118.2711,320,16.1,0.5,4.3,27.6,11.1,22.5,10.1,345,57,57,40,13,5.7,0.45,0.02,15,2,54,0.16,0.51,0.12,2.4,1.1,96.5,2,5,Mallee
KN04,-32.9422,118.3036,324,15.9,0.51,4.4,26.8,11.1,22,10.1,341,56,55,41,6,6.3,0.9,0.03,25,2,81,0.49,1.79,0.15,1.3,2.9,95.9,2,7,Mallee
KN05,-32.4997,118.5514,323,16.4,0.5,4.2,28.1,11.2,21.4,10.2,334,55,55,39,15,6.1,0.85,0.053,42,2,180,1.42,2.34,0.32,2.6,5.2,92.2,5,3,Mallee
KN06,-32.5014,118.5608,306,16.5,0.5,4.3,28.1,11.3,21.4,10.3,331,54,55,39,73,8.3,5.01,0.317,190,12,950,4.69,24.01,2.99,3.3,5.8,90.9,4,7,Mallee
KN07,-32.5111,118.5472,307,16.4,0.5,4.3,28,11.3,21.4,10.3,332,54,56,39,17,7.1,2.04,0.102,74,4,420,5.54,8.9,1.32,2.7,4.1,93.2,4,2,Mallee
KN10,-32.3992,118.3867,351,16.3,0.5,4.1,28.4,11.1,21.4,10,337,56,57,39,13,5.5,1.42,0.075,65,0.2,190,0.37,3.37,0.32,1.8,2.8,95.5,5,5,Mallee
KN11,-32.3575,118.4961,376,16.2,0.5,4,28.3,11,21.3,10,340,56,55,41,20,5.6,0.86,0.032,25,2,80,0.4,0.76,0.16,2.8,1.7,95.4,2,7,Mallee
KN12,-32.3761,118.46,368,16.2,0.5,4,28.4,11,21.3,10,339,56,56,40,12,6.1,0.79,0.038,55,2,94,1.19,0.97,0.17,4.2,3.1,92.7,4,3,Mallee
KN13,-32.3967,118.8183,302,16.6,0.5,4.4,28,11.4,21.6,10.5,329,51,51,42,16,7.1,0.94,0.044,46,0.2,240,1.61,4.08,0.57,6.5,2.8,90.7,4,1,Mallee
KN14,-32.3922,118.3702,350,16.3,0.5,4.1,28.4,11.1,21.4,10.1,337,56,57,39,16,5.8,0.74,0.042,37,0.2,120,0.49,1.88,0.23,1.2,2.9,95.8,5,4,Mallee
KN15,-32.2777,118.3296,317,16.6,0.5,4.2,28.6,11.3,21.8,10.3,329,55,57,39,4,5.6,0.85,0.038,20,0.2,60,0.29,1.22,0.11,2.8,1.2,96,1,9,Mallee
KN16,-32.274,118.3262,313,16.6,0.5,4.2,28.6,11.3,21.8,10.3,329,55,57,38,27,8,2.09,0.094,54,3,200,6.27,6.82,0.6,5.5,4,90.5,4,2,Mallee
KN17,-32.4985,118.5564,317,16.4,0.5,4.3,28.1,11.3,21.4,10.3,333,54,55,39,28,8.4,1.24,0.066,45,2,220,6.62,13.02,0.56,2.9,2.7,94.4,4,1,Mallee
KN18,-32.4966,118.559,315,16.4,0.5,4.3,28.1,11.3,21.4,10.3,332,54,55,39,54,8.4,2.18,0.141,93,4,610,7.52,17.38,1.78,0.5,3.9,95.6,4,2,Mallee
KN19,-32.3829,118.4815,369,16.2,0.5,4,28.3,11,21.3,10,339,56,56,40,28,5.3,0.42,0.021,21,0.2,130,1.41,0.28,0.16,3.5,4.8,91.7,4,3,Mallee
KN20,-32.3819,118.4814,369,16.2,0.5,4,28.3,11,21.3,10,340,56,56,40,16,6.3,1.58,0.045,35,2,110,1.05,3.78,0.25,3.6,3.3,93.1,4,3,Mallee
KN22,-32.3484,118.1389,261,16.8,0.5,4.5,28.5,11.6,21.9,10.5,324,56,60,36,6,5.8,0.94,0.068,56,3,190,1.31,3.79,0.35,8.9,5.3,85.8,5,2,Mallee
KN23,-32.3511,118.1265,259,16.8,0.5,4.5,28.5,11.6,21.9,10.6,324,56,60,36,45,7.9,2.66,0.15,100,7,740,8.9,17.85,2.41,2,6.8,91.2,4,3,Mallee
KN24,-32.3339,117.8484,314,16.4,0.5,4.4,28.2,11.3,21.5,10.2,353,63,65,35,76,5.6,3.62,0.096,88,4,91,2.07,1.2,0.18,4.8,2.8,92.4,4,2,Avon Wheatbelt
KN25,-32.3327,117.8474,314,16.4,0.5,4.4,28.2,11.3,21.5,10.2,353,63,65,35,9,5.8,0.74,0.028,20,2,38,0.46,1.44,0.13,2.5,3.5,94,2,3,Avon Wheatbelt
KN26,-32.37,117.5855,312,16.3,0.5,4.5,27.8,11.2,21.3,10.2,367,69,68,35,8,5.5,1.06,0.045,47,3,78,0.4,1.7,0.15,6.2,5.9,87.9,2,3,Avon Wheatbelt
KN27,-32.4308,118.1291,295,16.5,0.5,4.3,28.4,11.3,21.6,10.3,333,57,60,36,12,7,2.19,0.13,190,8,250,8.89,6.64,0.62,2.9,2.3,94.8,4,2,Mallee
KN28,-32.4133,118.0924,280,16.6,0.5,4.4,28.4,11.4,21.7,10.4,332,58,61,36,13,7.3,2,0.095,67,4,120,1,7,0.24,1.3,2.1,96.6,1,9,Mallee
KN29,-32.3508,117.8415,328,16.3,0.5,4.3,28.1,11.2,21.4,10.2,356,63,65,35,12,6.5,2.84,0.158,160,7,230,1.53,7.14,0.54,3.6,5,91.5,4,1,Avon Wheatbelt
KN30,-32.3506,117.85,320,16.4,0.5,4.3,28.2,11.2,21.4,10.2,355,63,65,35,4,6.6,1.34,0.056,52,2,81,0.81,3.11,0.23,3.7,2.5,93.7,2,4,Avon Wheatbelt
KN31,-32.3472,117.8199,326,16.3,0.5,4.3,28.1,11.2,21.4,10.2,356,64,65,35,8,6.4,2.26,0.105,94,3,260,3.12,4.51,0.41,3.7,2.5,93.7,4,1,Avon Wheatbelt
KN32,-32.349,117.8553,315,16.4,0.5,4.4,28.2,11.3,21.5,10.2,354,63,65,35,7,6.5,1.84,0.095,62,3,190,2.97,3.54,0.39,4.2,2.9,93,4,1,Avon Wheatbelt
KN33,-32.3501,117.8283,330,16.3,0.5,4.3,28.1,11.2,21.4,10.1,357,64,65,35,5,6,1.67,0.056,61,2,72,1.32,2.61,0.18,5.1,2.6,92.3,4,1,Avon Wheatbelt
KN34,-32.3611,117.8556,319,16.4,0.5,4.3,28.1,11.2,21.4,10.2,355,63,65,35,13,6.5,2.36,0.113,94,4,210,4.41,4.05,0.48,5.1,3.8,91.1,4,2,Avon Wheatbelt
KN35,-32.3473,117.8201,327,16.3,0.5,4.3,28.1,11.2,21.4,10.2,357,64,65,35,8,6.5,2.55,0.094,74,2,130,2.68,5.42,0.33,3.1,2.6,94.3,4,2,Avon Wheatbelt
KN36,-32.3351,117.8406,318,16.4,0.5,4.4,28.2,11.3,21.5,10.2,354,63,65,35,2,6,0.76,0.035,26,0.2,46,0.45,1.41,0.11,2.8,1.8,95.4,2,4,Avon Wheatbelt
KN37,-32.3602,117.8577,316,16.4,0.5,4.4,28.2,11.3,21.4,10.2,354,63,65,35,4,6.3,2.32,0.088,85,2,140,1.56,3.69,0.23,4.1,3.6,92.3,4,2,Avon Wheatbelt
KN38,-32.3358,117.8442,316,16.4,0.5,4.4,28.2,11.3,21.5,10.2,354,63,65,35,2,6,0.95,0.038,32,2,51,0.36,1.18,0.12,2.3,2.5,95.2,2,2,Avon Wheatbelt
KN39,-32.3345,117.8344,323,16.4,0.5,4.3,28.2,11.2,21.4,10.2,355,63,65,35,3,6.1,0.83,0.04,46,2,160,0.66,1.37,0.28,2.6,3.9,93.5,2,2,Avon Wheatbelt
KN40,-32.3371,117.8406,319,16.4,0.5,4.4,28.2,11.2,21.5,10.2,354,63,65,35,2,6.5,0.52,0.025,30,0.2,35,0.58,1.74,0.12,2.8,1.8,95.4,1,9,Avon Wheatbelt
KN41,-32.352,117.8613,311,16.4,0.5,4.4,28.2,11.3,21.5,10.3,353,63,65,35,2,6,0.78,0.032,30,2,97,0.38,0.76,0.19,3.2,2.9,94,2,2,Avon Wheatbelt
KN42,-32.3388,117.8368,322,16.4,0.5,4.3,28.2,11.2,21.4,10.2,355,63,65,35,2,5.8,0.64,0.029,22,0.2,63,0.18,0.62,0.14,3.3,2.2,94.5,1,9,Avon Wheatbelt
KN43,-32.3563,117.8423,331,16.3,0.5,4.3,28.1,11.2,21.4,10.1,357,64,65,35,6,6.4,2.06,0.08,88,2,180,1.51,5.15,0.32,3.3,3.8,92.9,4,2,Avon Wheatbelt
LK02,-33.2036,119.715,306,15.9,0.53,5.3,24.4,11.6,19.8,10.7,333,45,36,53,7,6.6,1.48,0.069,44,0.2,260,2.13,4.41,0.65,2.8,2.5,94.7,4,1,Mallee
LK04,-33.26,119.7578,302,15.9,0.53,5.4,24.1,11.7,19.7,10.8,341,46,35,54,7,6.4,1.33,0.072,60,2,160,1.17,5,0.33,4.2,3,92.8,5,2,Mallee
LK05,-33.2469,119.5511,317,15.8,0.53,5.2,24.4,11.5,19.7,10.6,341,46,36,53,21,5.9,2.68,0.129,93,7,170,2.76,7.17,0.4,3.8,2.2,94,5,2,Mallee
LK06,-33.2775,119.4953,346,15.6,0.52,5.1,24.3,11.3,20.8,10.4,349,47,36,54,4,6,1.07,0.035,18,0.2,52,0.38,1.14,0.13,1.9,1.5,96.7,2,2,Mallee
LK07,-33.3361,119.4942,330,15.6,0.53,5.2,24,11.4,20.8,10.5,353,47,35,55,8,6.2,2.04,0.124,47,0.2,170,0.81,5.94,0.33,2.4,1.7,95.9,5,3,Mallee
LK08,-33.3436,119.525,332,15.6,0.53,5.2,24,11.4,20.7,10.5,354,47,35,56,31,6.2,1.3,0.038,22,2,140,1.12,3.28,0.28,1.8,3.1,95.1,2,3,Mallee
LK10,-33.0419,119.9911,351,15.8,0.52,5.1,24.7,11.4,19.9,10.5,314,42,37,49,3,6,0.63,0.031,28,0.2,92,0.48,0.82,0.2,4.2,2.1,93.7,2,1,Mallee
LK11,-33.4742,119.7419,317,15.6,0.53,5.5,23.2,11.6,20.5,10.7,371,47,31,60,5,6,0.65,0.022,13,2,47,0.25,0.92,0.12,2.2,1,96.8,1,9,Esperance Plains
LK12,-33.2878,120.105,371,15.5,0.53,5.3,23.7,11.3,20.5,10.5,348,43,34,54,19,6.6,1.46,0.051,29,2,180,3.68,3.15,0.39,5.2,4.9,89.9,4,1,Esperance Plains
LK13,-33.0817,119.9981,351,15.8,0.53,5.1,24.6,11.4,19.8,10.5,318,42,37,49,5,6.6,1.15,0.042,38,2,100,1.95,2.21,0.2,4.2,2.7,93.1,4,2,Mallee
LK14,-33.2423,119.7622,308,15.9,0.53,5.4,24.2,11.6,19.7,10.8,339,46,35,54,230,7.7,2.05,0.117,85,7,440,1.31,15.16,1.08,5.6,2.7,91.7,1,9,Mallee
LK15,-33.4997,119.6782,329,15.5,0.53,5.5,23.1,11.5,20.4,10.6,376,48,32,60,52,5.5,1.14,0.04,18,0.2,88,0.73,1.22,0.18,3.3,1.6,95,2,2,Esperance Plains
LK16,-33.3375,119.4939,330,15.6,0.53,5.2,24,11.4,20.8,10.5,353,47,35,55,32,6.1,2.19,0.103,54,3,150,2.15,7.66,0.32,2.8,2.5,94.7,4,1,Mallee
LK17,-33.2451,119.8571,363,15.6,0.53,5.2,24,11.4,20.7,10.5,343,45,35,55,5,6.1,0.99,0.051,61,3,88,0.49,1.79,0.19,2.8,2.8,94.4,5,1,Mallee
LK18,-33.1582,119.9608,342,15.8,0.53,5.2,24.3,11.5,19.7,10.6,325,43,36,51,29,6.5,1.5,0.067,40,2,220,3.78,4.44,0.45,19.8,2.7,77.6,4,2,Mallee
LK19,-32.9675,119.761,341,15.9,0.52,5,25.2,11.4,20.1,10.5,316,43,39,48,11,5.8,0.54,0.026,18,0.2,83,0.43,1.03,0.18,9.9,1.6,88.5,2,1,Mallee
LK20,-33.0885,119.6619,320,15.9,0.52,5.1,24.9,11.5,20,10.6,325,45,38,50,7,6.8,1.53,0.075,53,4,360,3.13,6.7,1.07,7.9,3.1,89,4,1,Mallee
LK22,-33.2448,119.5431,317,15.8,0.53,5.2,24.4,11.5,19.7,10.6,341,46,36,53,96,6.6,2.63,0.109,58,3,320,6.55,6.18,0.81,1.7,2.7,95.6,4,1,Mallee
LK23,-33.2719,119.6808,344,15.6,0.53,5.2,24.1,11.4,20.8,10.5,348,47,35,55,6,6,0.76,0.03,16,0.2,42,0.21,1.18,0.1,1.9,1.2,96.9,1,9,Esperance Plains
LK24,-33.2615,119.7578,302,15.9,0.53,5.4,24.1,11.7,19.7,10.8,342,46,35,54,9,6.8,1.3,0.073,58,2,130,1.11,4.58,0.28,1.5,2.3,96.3,4,2,Mallee
ML01,-28.9807,115.0441,242,18.8,0.51,7.2,26,14.3,24.6,13.1,468,108,91,36,3,6,0.61,0.029,29,0.2,16,0.15,1.18,0.002,1.2,1.5,97.2,2,2,Geraldton Sandplains
ML02,-28.9201,115.2152,246,19.1,0.51,6.9,27.2,14.2,23.4,13,409,92,87,38,2,5.8,0.43,0.028,31,0.2,16,0.06,0.73,0.002,1.9,1.6,96.5,1,9,Geraldton Sandplains
ML03,-28.9179,115.4299,232,19.4,0.5,6.7,28.5,14.2,24.1,13,361,78,81,41,4,5.8,0.66,0.041,37,0.2,39,0.3,1.04,0.05,2.4,1.4,96.1,1,9,Geraldton Sandplains
ML04,-28.9421,115.5474,208,19.7,0.5,6.7,28.9,14.3,24.5,13.1,350,74,79,42,8,7,1.33,0.105,220,4,18,0.58,4.51,0.42,2.6,4.1,93.3,4,1,Avon Wheatbelt
ML05,-28.626,115.6444,300,19.6,0.49,6.1,29.9,13.8,21.7,12.6,320,64,70,51,20,5.6,0.97,0.075,98,2,230,0.71,3.13,0.44,4.8,4.3,90.9,5,2,Avon Wheatbelt
ML06,-28.4774,115.5057,263,19.8,0.49,6.3,29.8,14.1,21.8,12.9,306,61,71,49,3,6.3,0.65,0.046,130,4,130,0.54,1.78,0.25,4.9,2.9,92.2,4,2,Avon Wheatbelt
ML07,-28.4005,115.5765,290,19.8,0.49,6.2,30,14,21.8,12.7,294,58,69,51,4,5.8,0.58,0.049,100,2,210,0.36,0.7,0.38,3.5,4.6,91.9,5,2,Yalgoo
ML08,-28.3091,115.3762,265,19.7,0.5,6.4,29.3,14.1,21.6,12.9,296,60,72,47,2,6.2,0.44,0.023,40,0.2,30,0.2,1.16,0.04,2.8,1.5,95.7,1,9,Geraldton Sandplains
ML09,-28.4142,115.198,241,19.4,0.5,6.6,28.5,14.2,24,13,328,70,79,42,6,5.3,0.65,0.032,35,0.2,57,0.17,0.31,0.09,4.7,2,93.3,3,2,Geraldton Sandplains
ML10,-28.4971,115.2216,215,19.5,0.5,6.7,28.4,14.4,24.1,13.1,334,71,80,41,12,6.9,1.44,0.124,160,6,330,2.98,3.08,0.71,6.4,6.4,87.2,5,5,Geraldton Sandplains
ML11,-28.5027,115.2549,240,19.5,0.5,6.6,28.6,14.2,24.1,13,333,71,79,43,3,6,1.23,0.063,49,0.2,43,0.28,1.41,0.06,1.7,2.2,96,3,1,Geraldton Sandplains
ML13,-28.7223,115.3299,240,19.4,0.5,6.6,28.4,14.2,24.1,13,354,76,80,42,2,6.1,0.38,0.016,25,0.2,20,0.17,0.64,0.02,1.9,0.7,97.3,1,9,Geraldton Sandplains
ML14,-28.9478,115.5487,214,19.6,0.5,6.7,28.9,14.3,24.4,13.1,351,74,79,42,3,6.2,0.88,0.054,130,2,110,0.52,2.27,0.2,2.8,3.1,94.1,1,9,Avon Wheatbelt
ML15,-28.9597,115.5499,225,19.6,0.5,6.6,28.9,14.2,24.4,13,354,75,79,42,69,6.7,1.84,0.122,240,8,200,2.71,3.22,0.44,3.8,3.2,93,4,2,Avon Wheatbelt
ML17,-28.9909,115.0578,202,19,0.51,7.4,26,14.6,22.9,13.4,462,107,91,36,3,6,0.77,0.03,28,0.2,24,0.27,1.45,0.03,1.3,1.6,97,1,9,Geraldton Sandplains
ML18,-28.8269,115.4458,227,19.5,0.5,6.7,28.7,14.2,24.3,13,350,74,79,43,2,5.6,0.79,0.05,89,2,77,0.38,1.29,0.13,3.7,3.6,92.7,1,9,Geraldton Sandplains
ML19,-28.7436,115.0147,197,19.1,0.51,7.2,26.4,14.5,23.1,13.3,416,97,90,35,2,5.9,0.49,0.017,24,0.2,17,0.1,0.49,0.03,1.4,1.4,97.2,1,9,Geraldton Sandplains
ML20,-29.1822,115.4139,152,19.6,0.51,7.2,27.9,14.7,24.1,13.5,389,84,85,36,2,6.1,0.86,0.054,87,3,120,0.48,1.58,0.21,1.9,4.3,93.8,4,2,Avon Wheatbelt
ML21,-29.1453,115.3515,152,19.6,0.51,7.2,27.6,14.7,23.9,13.5,400,87,86,36,4,6,1.46,0.082,87,2,49,0.43,3.72,0.07,1.3,3.2,95.5,4,2,Geraldton Sandplains
ML23,-28.615,115.9547,350,19.5,0.48,5.8,30.5,13.5,21.8,12.3,301,57,65,41,5,6.1,0.73,0.047,82,2,230,1.04,1.64,0.44,3.2,4.3,92.5,5,3,Avon Wheatbelt
ML24,-28.6338,115.6367,306,19.5,0.49,6.1,29.9,13.8,21.6,12.6,322,64,70,51,2,6.2,0.62,0.035,58,0.2,110,0.52,2.07,0.2,1.5,4.4,94.1,4,2,Avon Wheatbelt
ML25,-28.4131,115.1998,247,19.4,0.5,6.5,28.5,14.2,24,12.9,328,70,79,42,100,5.8,0.7,0.029,42,2,58,1.29,0.62,0.07,5.4,3.9,90.7,4,2,Geraldton Sandplains
ML26,-28.412,115.2004,249,19.4,0.5,6.5,28.5,14.2,24,12.9,328,70,78,43,15,5.4,1.67,0.073,40,0.2,47,0.55,1.68,0.05,6,3.3,90.7,4,2,Geraldton Sandplains
MN01,-31.7416,119.0839,412,16.8,0.49,4,29,11,22.1,10.1,322,51,49,48,2,6.8,0.54,0.028,38,2,180,1.9,2.38,0.44,5.8,3.2,91,4,1,Avon Wheatbelt
MN02,-31.0016,118.6928,317,18,0.48,4.7,29.7,12,23.6,11,273,44,51,39,36,8.3,3.34,0.215,170,11,720,3.28,19.31,2.32,4.5,5.5,90,4,3,Avon Wheatbelt
MN03,-31.4113,118.5082,357,17.3,0.48,4.4,29.2,11.6,22.8,10.6,317,51,54,42,3,5.9,1.09,0.032,28,0.2,48,0.36,0.95,0.08,2.5,2.5,95,2,1,Avon Wheatbelt
MN04,-31.5964,118.7566,437,16.8,0.49,4,29.1,11,22.2,10,328,53,53,45,6,5.8,1.05,0.048,46,2,120,1.02,2.55,0.2,7.2,3.1,89.7,4,2,Avon Wheatbelt
MN05,-31.5777,118.7401,425,16.8,0.49,4,29.2,11.1,22.3,10.1,326,52,53,44,2,5.5,0.53,0.023,22,0.2,33,0.24,0.51,0.06,2.8,2.3,94.9,1,9,Avon Wheatbelt
MN06,-31.7614,119.0734,418,16.7,0.49,4,28.9,11,22.1,10,325,52,49,48,7,6,1.5,0.071,50,0.2,91,0.82,4.15,0.15,0.7,2.5,96.8,5,4,Avon Wheatbelt
MN07,-31.2119,118.3031,365,17.5,0.48,4.6,29.1,11.7,23,10.7,300,49,53,41,2,5.9,0.66,0.046,77,2,120,0.29,1.21,0.19,1.8,2.6,95.6,5,2,Avon Wheatbelt
MN10,-31.2446,118.4078,327,17.7,0.48,4.7,29.2,11.9,23.2,10.8,296,48,53,40,3,6.6,0.77,0.052,86,3,250,0.96,3.36,0.54,3.8,3.4,92.7,4,2,Avon Wheatbelt
MN11,-31.2565,118.396,326,17.7,0.48,4.7,29.2,11.9,23.1,10.8,297,48,53,41,19,5.1,0.96,0.037,44,2,82,0.92,0.65,0.14,10.2,2.6,87.3,2,2,Avon Wheatbelt
MN12,-31.1688,118.4388,294,17.9,0.48,4.9,29.3,12.1,23.4,11.1,284,46,53,39,20,8.6,1.78,0.125,130,6,610,1.8,16.42,1.92,2.1,6.6,91.3,4,6,Avon Wheatbelt
MN13,-31.1478,118.4757,295,18,0.48,4.9,29.4,12.1,23.5,11.1,282,46,53,39,20,6.9,0.62,0.037,93,3,190,1.54,3.27,0.47,5.8,4.9,89.4,4,5,Avon Wheatbelt
MN14,-31.1778,118.4281,292,17.9,0.48,4.9,29.3,12.1,23.4,11.1,285,46,53,39,8,7.8,1.38,0.085,92,5,420,2.88,11.4,1.31,3,4.1,92.9,4,4,Avon Wheatbelt
MN15,-31.1672,118.415,288,18,0.48,4.9,29.3,12.1,23.5,11.1,283,46,53,39,6,6.9,1.38,0.052,81,0.2,140,0.6,5.55,0.39,1.7,2.2,96,1,9,Avon Wheatbelt
MN17,-31.4242,118.6841,373,17.3,0.49,4.3,29.3,11.4,22.8,10.4,314,51,54,43,5,5.8,1.56,0.065,62,0.2,110,1.43,1.7,0.2,7.7,3.1,89.1,4,3,Avon Wheatbelt
MN18,-31.4055,118.6844,367,17.3,0.49,4.3,29.3,11.5,22.8,10.5,312,51,53,42,2,6.1,0.76,0.028,32,2,72,0.56,1.42,0.13,4.8,2.9,92.3,4,4,Avon Wheatbelt
MN19,-31.3997,118.6846,365,17.3,0.49,4.3,29.3,11.5,22.8,10.5,311,50,53,42,5,6.2,1.66,0.068,58,2,150,2.98,3.25,0.25,7.6,4.4,88,4,1,Avon Wheatbelt
MN20,-31.2075,118.1648,355,17.5,0.48,4.8,28.9,11.8,23,10.8,300,49,53,41,4,6.3,0.86,0.04,51,0.2,140,1.36,2.23,0.26,2.6,4.4,93,5,2,Avon Wheatbelt
MN21,-31.9109,119.0831,457,16.4,0.49,3.8,28.6,10.7,21.6,9.8,348,55,49,51,4,5.7,0.83,0.029,24,0.2,27,0.2,0.38,0.06,2.8,1.8,95.5,2,2,Avon Wheatbelt
MN22,-31.4903,118.8965,447,16.8,0.49,3.9,29.3,10.9,22.3,10,324,52,53,45,4,6.6,0.7,0.037,55,0.2,110,0.5,1.63,0.25,2.4,2.7,94.9,5,2,Avon Wheatbelt
MN23,-31.4888,118.898,444,16.8,0.49,3.9,29.3,11,22.4,10,323,52,53,45,24,4.9,2.28,0.08,41,4,93,1.31,1,0.14,12.1,4.4,83.5,4,1,Avon Wheatbelt
MN24,-31.5013,118.8816,434,16.9,0.49,4,29.3,11,22.4,10,322,52,53,45,8,5.7,0.41,0.021,22,0.2,44,0.27,0.75,0.09,2.3,1.9,95.8,1,9,Avon Wheatbelt
MN25,-31.6033,118.7697,449,16.7,0.49,3.9,29.1,10.9,22.1,9.9,329,53,53,45,3,6.4,0.85,0.032,33,2,45,0.42,2.58,0.07,1.8,2.5,95.8,4,5,Avon Wheatbelt
MO01,-29.4646,116.2096,309,19,0.49,5.7,30.1,13.2,24.3,12.1,326,64,69,37,2,6.1,0.45,0.027,40,0.2,60,0.25,0.55,0.13,1.3,3,95.7,1,9,Avon Wheatbelt
MO02,-29.4786,116.2083,315,19,0.49,5.7,30.1,13.2,24.2,12.1,327,64,70,37,7,7.4,1.11,0.09,210,16,510,2.75,6.83,1.5,3.3,5.4,91.3,4,1,Avon Wheatbelt
MO03,-29.2445,116.1022,271,19.4,0.49,6,30.2,13.6,21.6,12.5,317,61,68,37,5,6.6,0.85,0.06,140,4,180,0.57,1.85,0.39,2.5,5.3,92.2,5,4,Avon Wheatbelt
MO05,-29.1001,115.9934,295,19.4,0.49,6,30.1,13.6,21.5,12.4,326,63,68,38,3,5.3,0.53,0.033,46,0.2,47,0.13,0.3,0.09,2.5,2.9,94.7,2,2,Avon Wheatbelt
MO06,-28.8788,115.8429,369,19.1,0.49,5.8,30,13.3,21.3,12.1,343,67,68,53,3,5.9,0.74,0.056,74,2,220,0.57,1.49,0.39,1.7,4.2,94.1,5,3,Avon Wheatbelt
MO07,-29.1102,116.1975,254,19.7,0.49,6,30.5,13.7,21.9,12.6,296,56,65,38,310,7.3,1.12,0.08,180,10,300,4.2,3.84,0.62,2.7,4.2,93.1,4,2,Yalgoo
MO09,-29.2536,116.3685,288,19.4,0.49,5.8,30.6,13.4,21.7,12.3,301,56,64,39,2,5.5,1.05,0.054,130,2,130,0.32,0.83,0.22,2.4,5.2,92.4,2,2,Avon Wheatbelt
MO10,-29.2593,116.3849,285,19.5,0.49,5.8,30.6,13.4,21.8,12.3,300,56,64,40,2,6.1,0.71,0.047,73,2,130,0.39,1.97,0.23,2.8,3.9,93.3,5,5,Avon Wheatbelt
MO12,-29.1893,116.4742,257,19.7,0.49,5.8,30.8,13.6,22.1,12.5,288,53,62,40,7,7.1,0.98,0.068,160,4,240,1.68,4.04,0.62,4.3,3.4,92.2,4,1,Yalgoo
MO13,-29.1954,116.3161,273,19.5,0.49,5.8,30.6,13.6,21.8,12.4,297,56,64,39,12,5.8,0.99,0.061,220,3,280,0.99,1.54,0.52,5,6.4,88.6,4,1,Avon Wheatbelt
MO14,-29.2029,116.2162,425,18.7,0.48,5.3,30.3,12.7,21,11.6,322,61,64,41,3,6.1,1.58,0.075,220,2,140,0.85,2.8,0.26,4.5,4.7,90.8,5,2,Avon Wheatbelt
MO15,-29.0827,115.99,304,19.3,0.49,5.9,30.1,13.5,21.5,12.4,326,63,68,38,2,5.8,0.89,0.044,69,2,71,0.37,1.09,0.13,1.8,2.8,95.4,5,4,Avon Wheatbelt
MO16,-28.8819,115.8443,369,19.1,0.49,5.8,30,13.3,21.3,12.1,343,67,68,53,7,6.8,0.62,0.045,94,4,200,1.42,1.94,0.39,4.8,7.2,88,5,1,Avon Wheatbelt
MO17,-28.8976,115.8592,369,19.1,0.49,5.8,30,13.3,21.3,12.1,343,67,68,53,6,6.9,0.64,0.053,94,3,150,0.85,2.62,0.3,4.2,5,90.8,4,1,Avon Wheatbelt
NO01,-28.5696,114.6414,108,19.1,0.52,8,24.4,15.2,22.5,14,455,110,96,32,9,6.4,1.02,0.073,110,3,240,0.74,2.78,0.43,2.3,4.2,93.5,5,3,Geraldton Sandplains
NO02,-28.5471,114.6612,143,19,0.52,7.7,24.9,15,22.4,13.7,460,110,95,32,12,5.8,1.19,0.065,64,3,170,0.96,1.97,0.33,1.7,4.5,93.8,5,1,Geraldton Sandplains
NO03,-28.5456,114.6653,145,18.9,0.52,7.7,24.9,14.9,22.4,13.7,460,110,95,32,8,6.4,1.9,0.109,74,4,150,1.72,5.08,0.27,0,4,96,3,1,Geraldton Sandplains
NO04,-28.5378,114.6706,156,18.9,0.52,7.6,25.1,14.9,24.2,13.6,460,110,95,32,3,5.5,1.44,0.046,23,0.2,18,0.39,1.37,0.05,0.9,1.3,97.8,1,1,Geraldton Sandplains
NO05,-28.5358,114.7348,155,19,0.52,7.3,25.8,14.8,24.5,13.5,453,107,94,32,6,5.4,1.08,0.052,52,2,71,0.24,0.89,0.15,1.1,4,94.9,2,1,Geraldton Sandplains
NO06,-28.5312,114.7381,159,18.9,0.52,7.3,25.8,14.7,24.5,13.5,452,107,94,32,4,5.8,0.78,0.033,22,0.2,33,0.27,1.17,0.07,0.4,1.9,97.7,1,9,Geraldton Sandplains
NO07,-28.0001,114.6315,247,19.1,0.51,7.2,26.4,14.6,22.9,13.4,357,82,87,38,6,6.8,1.39,0.082,120,6,190,1.11,4.1,0.42,2.7,3.7,93.7,4,1,Geraldton Sandplains
NO10,-28.1023,114.5687,219,19,0.52,7.4,25.9,14.7,22.7,13.5,390,90,89,37,9,7.9,1.03,0.079,69,2,52,0.6,9.68,0.14,2.4,0.6,97,1,9,Geraldton Sandplains
NO11,-27.9906,114.1931,29,19.9,0.53,8.8,24.4,16.1,23,15,404,103,99,30,2,5.9,0.42,0.021,30,0.2,27,0.16,0.45,0.06,8.6,6.9,84.4,1,9,Geraldton Sandplains
NO13,-28.5448,114.6636,145,18.9,0.52,7.7,24.9,14.9,22.4,13.7,459,110,95,32,5,6,1.31,0.06,73,2,82,0.83,1.34,0.16,7.3,3.9,88.8,3,2,Geraldton Sandplains
NO14,-28.4782,114.6326,188,18.8,0.52,7.4,25.2,14.7,22.3,13.5,464,110,94,33,4,5.9,1.19,0.048,56,2,80,0.53,0.98,0.13,3.5,4.4,92.1,3,1,Geraldton Sandplains
NO15,-27.8879,114.2188,198,19.2,0.52,8.1,24.7,15.2,22.4,14,400,103,97,33,3,6,0.72,0.031,27,0.2,28,0.3,1.41,0.05,0.4,1.7,97.8,3,1,Geraldton Sandplains
NO16,-27.8912,114.538,243,19.2,0.51,7.4,26.1,14.7,22.9,13.5,349,82,89,37,5,6.1,0.49,0.018,20,0.2,26,0.21,0.73,0.05,1,1.1,97.9,1,9,Geraldton Sandplains
NO18,-28.1707,114.6455,258,18.8,0.51,7.1,26.2,14.4,22.6,13.2,399,90,88,38,6,6.2,0.93,0.054,120,0.2,110,0.52,1.65,0.19,2.1,4.6,93.3,2,1,Geraldton Sandplains
NO20,-28.0887,114.2024,83,19.5,0.53,8.6,24.1,15.8,22.6,14.6,427,108,98,31,85,8.3,2.63,0.219,360,11,79,1.77,8.12,0.16,0.4,2,97.5,1,9,Geraldton Sandplains
NR01,-32.6111,117.1,289,15.9,0.51,4.6,26.9,10.1,20.6,10.1,427,80,72,36,4,5.9,0.69,0.028,27,0.2,35,0.16,0.8,0.06,1.8,1.3,96.8,1,9,Avon Wheatbelt
NR02,-33.0908,117.1714,343,15.3,0.5,4.6,25.9,10.7,21.2,9.8,474,85,68,41,6,6.1,1.58,0.054,35,2,47,0.56,3.01,0.12,1.2,2.1,96.7,1,9,Avon Wheatbelt
NR03,-32.7828,116.865,301,15.4,0.51,4.4,26.5,9.9,21.6,9.9,514,97,75,38,9,6.6,4.37,0.151,120,0.2,220,2.27,8.71,0.59,3.7,3.6,92.7,4,2,Jarrah Forest
NR04,-32.8108,116.8897,287,15.5,0.51,4.5,26.5,9.9,21.6,9.9,508,95,75,38,9,6.4,2.47,0.106,120,2,180,1.82,5.92,0.33,2.6,4.7,92.7,4,2,Jarrah Forest
NR05,-32.8544,116.8292,306,15.3,0.51,4.3,26.4,9.8,21.4,9.8,530,100,75,39,9,5.6,4.19,0.157,96,0.2,130,2.11,4.18,0.35,1.1,2.6,96.3,5,3,Jarrah Forest
NR06,-33.0528,117.2408,303,15.6,0.5,4.8,26,11,21.6,10,448,79,68,39,28,6,3.68,0.136,120,9,210,2.26,8.21,0.46,2.7,2.2,95.1,4,4,Avon Wheatbelt
NR07,-33.1461,117.0536,301,15.4,0.51,4.7,25.9,10.9,21.3,9.9,485,88,70,40,5,5.7,1.51,0.07,47,2,60,0.36,2.03,0.12,1.7,3.4,95,5,2,Avon Wheatbelt
NR08,-33.1275,117.0725,304,15.4,0.51,4.7,25.9,10.9,21.3,9.9,483,88,70,40,4,6.1,0.91,0.03,31,0.2,64,0.3,0.84,0.13,2,2.2,95.8,2,5,Avon Wheatbelt
NR09,-32.7692,116.9522,340,15.3,0.51,4.3,26.5,9.7,21.5,9.7,501,93,73,39,5,5.9,1.93,0.066,20,0.2,55,0.56,3.14,0.1,0.3,1.3,98.3,1,9,Jarrah Forest
NR10,-32.7533,116.9453,334,15.4,0.51,4.4,26.5,9.7,21.6,9.7,499,93,74,38,12,6.2,3.61,0.185,84,0.2,280,3.44,10.99,0.52,5.1,3.9,90.9,4,2,Jarrah Forest
NR11,-32.7342,116.9486,308,15.5,0.51,4.5,26.6,9.9,21.7,9.9,488,91,74,38,5,5.7,2.79,0.093,93,0.2,120,0.78,1.39,0.22,2.6,3.8,93.6,2,3,Jarrah Forest
NR12,-32.7814,116.9492,341,15.3,0.51,4.3,26.4,9.7,21.5,9.7,504,94,73,39,10,5.3,8.01,0.184,81,0.2,170,0.93,2.13,0.31,3.9,1.7,94.4,4,2,Jarrah Forest
NR13,-32.7885,116.8909,303,15.5,0.51,4.4,26.5,9.9,21.6,9.9,509,96,74,38,8,5.7,1.19,0.041,22,2,55,0.39,1.02,0.1,2.7,0.8,96.4,1,9,Jarrah Forest
NR14,-32.7571,116.8546,378,15,0.51,4.1,26.5,9.4,21.2,9.4,533,101,74,40,8,6.3,2.47,0.127,94,2,220,0.9,6.79,0.43,2.7,4.5,92.9,5,4,Jarrah Forest
NR15,-32.7984,117.0706,331,15.5,0.51,4.5,26.4,9.8,21.6,9.8,470,87,71,38,13,6.1,7.89,0.179,140,5,330,4.18,14.27,0.69,3.2,2,94.9,4,1,Avon Wheatbelt
NR16,-32.7986,117.0706,331,15.5,0.51,4.5,26.4,9.8,21.6,9.8,470,87,71,38,11,5.6,2.53,0.09,96,0.2,120,0.77,0.96,0.24,2.5,4.2,93.3,2,2,Avon Wheatbelt
NR17,-32.7988,117.0756,331,15.5,0.51,4.5,26.4,9.8,21.6,9.8,468,86,71,38,10,5.8,1.94,0.067,67,0.2,97,0.49,0.78,0.2,2.7,2.4,94.9,1,9,Avon Wheatbelt
NR18,-32.7893,117.0855,338,15.5,0.5,4.5,26.4,9.8,21.6,9.8,464,85,71,38,11,6,4.03,0.144,80,3,150,1.06,4.69,0.27,4.8,1.8,93.4,4,2,Avon Wheatbelt
NR19,-32.7389,117.1574,306,15.7,0.5,4.6,26.6,10,20.3,10,425,78,69,37,14,6.3,2.59,0.129,140,8,300,2.59,7.72,0.56,3,4.5,92.5,4,1,Avon Wheatbelt
NR20,-32.7446,117.1565,308,15.7,0.5,4.6,26.6,10,20.3,10,426,78,69,37,180,6.2,3.61,0.22,150,4,200,8.16,9.2,0.33,1.6,3.3,95.1,4,1,Avon Wheatbelt
NR21,-32.7412,117.1483,309,15.7,0.5,4.6,26.6,10,20.3,10,428,79,69,37,7,6.5,2.74,0.107,130,2,200,0.91,5.15,0.52,3.2,4.8,91.9,2,4,Avon Wheatbelt
NR22,-32.7464,117.1644,309,15.7,0.5,4.6,26.6,10,20.3,10,425,78,69,37,11,5.4,1.26,0.062,50,2,110,0.96,0.86,0.22,4,3.8,92.2,4,2,Avon Wheatbelt
NR23,-33.0762,117.2717,288,15.6,0.51,4.8,26,11.1,21.6,10.1,436,77,67,39,120,6,4.06,0.143,87,4,180,5.67,7.17,0.37,6.3,3.4,90.2,4,6,Avon Wheatbelt
PI01,-33.1489,118.8294,376,15.4,0.51,4.5,25.5,10.9,19.8,9.9,364,55,50,47,3,6,0.55,0.024,17,2,75,0.49,0.99,0.15,2.8,1.8,95.4,1,9,Mallee
PI02,-33.3306,118.8083,301,15.6,0.52,4.9,24.9,11.3,19.7,10.3,351,52,46,47,7,6.4,1.01,0.052,39,0.2,140,0.88,2.96,0.3,2.8,1.8,95.4,4,1,Mallee
PI05,-33.3597,118.7472,297,15.6,0.52,4.9,24.8,11.3,21.1,10.3,350,52,47,47,9,5.9,0.86,0.05,35,14,120,0.66,1.42,0.23,3.8,2.5,93.7,5,4,Mallee
PI06,-33.4414,118.9081,309,15.5,0.52,5,24.3,11.3,20.8,10.3,359,51,43,50,4,6.1,0.68,0.027,15,0.2,72,0.61,1.18,0.16,2.9,2.4,94.6,2,2,Mallee
PI07,-33.4947,119.0481,332,15.3,0.52,5,23.9,11.2,20.5,10.3,366,50,40,52,9,6,2.63,0.083,35,0.2,180,1.82,4.25,0.35,3.8,2.5,93.7,2,2,Mallee
PI08,-33.4922,119.0911,311,15.4,0.52,5.1,23.9,11.3,20.6,10.4,363,49,39,53,94,6.6,3.7,0.179,90,4,420,8.51,8.52,1.08,2.8,1.2,96,4,1,Mallee
PI09,-33.5672,119.1275,273,15.6,0.53,5.4,23.5,11.5,20.6,10.6,364,49,38,54,5,6.3,0.74,0.031,18,3,230,0.26,1.59,0.1,1.9,1.5,96.7,1,9,Mallee
PI10,-33.5678,119.1492,264,15.6,0.53,5.4,23.5,11.6,20.7,10.7,363,48,37,54,500,7.9,3.93,0.302,200,8,620,4.95,8.5,2,5.7,8.7,85.7,4,9,Mallee
PI11,-33.6164,119.1994,258,15.6,0.53,5.5,23.2,11.7,20.6,10.7,369,48,36,56,4,5.9,0.6,0.027,15,0.2,39,0.17,0.68,0.09,2.3,1.8,95.9,1,9,Mallee
PI12,-33.6769,119.0811,304,15.3,0.53,5.3,23.1,11.3,20.2,10.4,380,50,38,55,54,6.4,2.4,0.101,68,3,150,3.09,8.07,0.29,2.9,2.9,94.3,4,1,Mallee
PI13,-33.7031,118.9831,343,15,0.52,5.1,23,11.1,20,10.1,389,51,39,55,4,5.7,0.66,0.022,14,0.2,28,0.22,0.74,0.07,2.3,1.9,95.8,2,1,Mallee
PI14,-33.1599,118.8019,379,15.4,0.51,4.5,25.5,10.9,19.7,9.9,363,55,50,47,4,6.3,2.54,0.126,65,4,320,8.29,12.34,0.64,3.3,3.3,93.3,4,1,Mallee
PI15,-33.3665,118.8992,318,15.5,0.52,4.9,24.6,11.2,20.9,10.3,357,51,44,49,7,6.3,1.1,0.05,38,3,130,1.42,2.91,0.31,3.8,2.6,93.6,4,2,Mallee
PI16,-33.4761,119.0788,320,15.4,0.52,5.1,23.9,11.3,20.6,10.3,363,50,40,52,23,6.2,0.99,0.039,17,0.2,130,2.64,0.86,0.2,6.6,6.9,86.5,4,1,Mallee
PI17,-33.4665,119.0528,367,15.2,0.52,4.9,24,11,20.4,10.1,370,51,40,53,4,6.3,1.18,0.039,16,0.2,79,0.72,1.37,0.18,2.8,1.8,95.4,2,2,Mallee
PI18,-33.3671,118.9341,321,15.5,0.52,4.9,24.6,11.2,20.9,10.3,357,51,44,49,3,5.9,0.45,0.012,11,2,17,0.13,0.56,0.05,2.9,0.5,96.6,1,9,Mallee
PI19,-33.2754,118.7462,300,15.7,0.52,4.9,25.2,11.3,19.9,10.3,347,52,48,46,4,6.6,1.14,0.051,40,2,110,0.71,4.99,0.26,2.9,2.9,94.3,2,2,Mallee
PI21,-33.2226,118.7314,306,15.7,0.52,4.8,25.4,11.2,20,10.3,345,52,49,45,4,6.2,1.14,0.045,33,2,130,0.92,1.69,0.27,2.3,2.6,95.1,2,1,Mallee
PI23,-33.2414,118.7049,286,15.8,0.52,4.9,25.4,11.3,20,10.4,341,52,49,44,4,6.1,1.22,0.04,24,2,23,0.34,2.14,0.06,3.4,0.9,95.7,1,9,Mallee
PI24,-33.2961,118.5978,331,15.5,0.51,4.7,25.2,11,19.7,10.1,345,53,49,45,37,6.8,2.48,0.101,74,5,310,7.67,5.61,0.66,3,4.7,92.3,4,2,Mallee
PI25,-33.1768,118.8251,375,15.4,0.51,4.5,25.4,10.9,19.7,9.9,363,55,49,47,11,7.2,1.33,0.072,70,2,290,1.33,2.05,0.67,6.2,8.1,85.7,5,2,Mallee
QU01,-31.8539,117.618,356,16.7,0.49,4.5,28.3,11.4,21.9,10.3,346,63,65,36,5,5.7,0.81,0.054,42,0.2,86,0.23,1.76,0.17,2.3,2.7,95,5,4,Avon Wheatbelt
QU02,-31.7892,117.4959,255,17.3,0.49,5,28.3,12,22.4,10.9,333,60,66,34,3,6.2,0.56,0.023,15,0.2,53,0.22,0.77,0.1,2.8,1.7,95.4,2,1,Avon Wheatbelt
QU03,-31.7788,117.4728,276,17.2,0.49,5,28.3,11.9,22.3,10.8,340,61,66,35,6,6.1,2.44,0.11,82,3,180,0.85,3.53,0.38,2.4,4.1,93.5,2,1,Avon Wheatbelt
QU04,-31.9858,117.4988,234,17.1,0.5,4.9,28.3,11.9,22.2,10.9,332,61,67,33,2,5.7,0.5,0.022,23,0.2,42,0.17,0.5,0.1,1.9,1.5,96.5,1,9,Avon Wheatbelt
QU05,-32.0412,117.5219,245,17,0.5,4.9,28.3,11.8,22.1,10.8,334,62,67,34,59,6.2,1.67,0.106,98,5,210,2.32,6.36,0.36,4.1,4.8,91.2,5,5,Avon Wheatbelt
QU06,-32.1256,117.5091,313,16.6,0.49,4.5,28.1,11.4,21.6,10.3,356,66,68,35,18,6.8,1.31,0.076,56,3,140,5.45,3.13,0.34,17.7,4,78.3,4,1,Avon Wheatbelt
QU09,-32.0836,117.3681,226,17,0.5,4.9,28.1,11.9,22,10.8,346,65,69,34,8,7,0.99,0.06,100,4,330,2.36,4.37,0.82,5.2,5.2,89.7,4,1,Avon Wheatbelt
QU10,-31.9912,117.4056,244,17,0.5,4.9,28.2,11.8,22.1,10.8,341,63,67,34,2,5.7,0.76,0.03,28,0.2,37,0.15,0.63,0.06,3.7,2.2,94.1,2,2,Avon Wheatbelt
QU11,-32.0267,117.367,248,17,0.5,4.9,28.2,11.8,22,10.7,348,65,68,34,3,5.9,0.43,0.023,42,0.2,62,0.17,0.48,0.11,0.6,2.8,96.6,2,4,Avon Wheatbelt
QU12,-32.0209,117.383,247,17,0.5,4.9,28.2,11.8,22,10.8,345,65,68,34,3,6.5,0.94,0.049,57,2,150,1.4,2.91,0.3,1.2,3.2,95.6,4,2,Avon Wheatbelt
QU14,-31.7791,117.4712,278,17.2,0.49,5,28.3,11.9,22.3,10.8,341,61,66,35,7,6.1,1.73,0.057,33,2,80,0.62,3.52,0.17,2.1,2.8,95,2,6,Avon Wheatbelt
QU15,-32.0057,117.3143,347,16.4,0.49,4.5,28,11.2,21.5,10.2,380,71,69,36,43,5.5,5.88,0.184,98,9,180,3.49,6.08,0.35,7.5,8,84.5,4,2,Avon Wheatbelt
QU16,-31.878,117.5458,239,17.3,0.49,5,28.4,12,22.4,11,326,60,66,34,16,6.4,1.67,0.088,71,5,240,3.16,4.06,0.44,4.2,6.1,89.8,4,2,Avon Wheatbelt
QU17,-32.0484,117.4079,225,17.1,0.5,4.9,28.2,11.9,22.1,10.9,339,64,68,34,6,6.2,1.3,0.066,74,4,200,2.41,3,0.39,1.7,4.7,93.7,4,2,Avon Wheatbelt
QU18,-32.0939,117.2381,257,16.8,0.5,4.8,28,11.6,21.8,10.6,372,71,71,34,5,6,0.88,0.038,47,0.2,75,0.3,1.26,0.13,1.8,2.8,95.4,4,9,Avon Wheatbelt
QU19,-31.9155,117.4511,268,17,0.49,4.9,28.3,11.8,22.1,10.8,343,63,67,34,8,6.1,1.37,0.072,72,4,150,1.93,2.77,0.26,4.1,3.6,92.3,4,1,Avon Wheatbelt
QU20,-31.9853,117.3558,297,16.7,0.49,4.7,28.1,11.5,21.8,10.5,361,67,68,35,3,5.8,1.26,0.089,81,2,130,0.23,2.98,0.23,1.6,3.5,94.9,5,3,Avon Wheatbelt
QU21,-32.1968,116.7836,257,16.3,0.51,4.8,27.3,10.5,21.1,10.5,473,94,79,36,11,6.7,1.62,0.063,48,3,120,2.72,2.82,0.23,2.8,3.1,94.1,4,2,Avon Wheatbelt
QU22,-31.7985,117.4688,293,17.1,0.49,4.9,28.3,11.8,22.2,10.7,346,62,66,35,2,5.6,1.81,0.129,150,6,73,0.71,1.34,0.12,1.5,4,94.6,5,1,Avon Wheatbelt
QU23,-31.7945,117.4635,301,17,0.49,4.8,28.3,11.7,22.2,10.7,348,63,66,35,2,5.6,0.37,0.024,25,0.2,50,0.39,0.59,0.12,1.7,2.2,96.1,1,9,Avon Wheatbelt
QU24,-31.7991,117.4693,293,17.1,0.49,4.9,28.3,11.8,22.2,10.7,345,62,66,35,2,6.3,0.48,0.036,36,2,48,0.19,1.19,0.06,3.3,1.6,95.1,5,9,Avon Wheatbelt
QU25,-31.7937,117.4636,301,17,0.49,4.9,28.3,11.7,22.2,10.7,348,63,66,35,2,5.9,0.52,0.032,30,2,62,0.24,0.37,0.07,3.8,2.1,94.1,4,1,Avon Wheatbelt
QU26,-31.792,117.468,292,17.1,0.49,4.9,28.3,11.8,22.2,10.7,345,62,66,35,4,6.7,1.46,0.074,67,2,89,0.65,3.83,0.2,1.6,3,95.4,5,5,Avon Wheatbelt
QU27,-31.7908,117.4775,277,17.2,0.49,4.9,28.3,11.9,22.3,10.8,340,61,66,35,2,6.2,1.06,0.046,45,2,42,0.22,1.07,0.08,2.3,2.5,95.2,4,1,Avon Wheatbelt
QU28,-31.7923,117.5062,248,17.3,0.49,5.1,28.3,12,22.5,11,331,60,66,34,1,5.7,0.51,0.026,23,0.2,13,0.07,0.36,0.04,2.3,1.3,96.4,1,9,Avon Wheatbelt
QU29,-31.7898,117.4759,278,17.1,0.49,4.9,28.3,11.9,22.3,10.8,341,62,66,35,2,5.8,0.56,0.03,25,0.2,44,0.13,0.57,0.06,3.3,1.9,94.8,4,1,Avon Wheatbelt
QU30,-31.7935,117.5033,249,17.3,0.49,5,28.3,12,22.5,11,331,60,66,34,2,6.2,0.68,0.034,28,2,42,0.16,0.76,0.06,2.3,1.6,96.1,1,9,Avon Wheatbelt
QU31,-31.7914,117.4939,255,17.3,0.49,5,28.3,12,22.4,10.9,334,60,66,34,1,5.9,0.48,0.024,21,0.2,25,0.12,0.64,0.04,3.3,1.6,95.1,1,9,Avon Wheatbelt
QU32,-31.7889,117.4964,255,17.3,0.49,5,28.3,12,22.4,10.9,333,60,66,34,1,5.8,0.69,0.03,22,0.2,23,0.07,0.44,0.03,2.7,1.4,95.9,2,1,Avon Wheatbelt
QU33,-31.7824,117.4721,279,17.1,0.49,4.9,28.3,11.9,22.3,10.8,341,62,66,35,4,6.4,1.96,0.07,62,2,140,0.75,4.85,0.26,2.6,3.5,94,2,1,Avon Wheatbelt
QU34,-31.7822,117.4719,279,17.1,0.49,4.9,28.3,11.9,22.3,10.8,341,62,66,35,7,6.6,2.43,0.096,72,3,190,1.7,6.86,0.48,1.6,3.8,94.7,2,2,Avon Wheatbelt
QU35,-31.7788,117.4712,277,17.2,0.49,5,28.3,11.9,22.3,10.8,341,61,66,35,5,6.2,1.58,0.054,38,2,55,0.51,3.24,0.1,2.7,2.2,95,4,2,Avon Wheatbelt
QU36,-31.7778,117.4677,279,17.2,0.49,5,28.3,11.9,22.3,10.8,342,62,66,35,1,5.7,0.68,0.026,28,2,23,0.06,0.78,0.04,2.3,2.7,94.9,1,9,Avon Wheatbelt
QU37,-31.7788,117.4723,277,17.2,0.49,5,28.3,11.9,22.3,10.8,341,61,66,35,3,6.4,1.74,0.081,70,2,140,0.58,3.48,0.22,2.2,2.4,95.4,2,1,Avon Wheatbelt
QU38,-31.7774,117.4983,259,17.3,0.49,5,28.3,12,22.4,10.9,334,60,66,34,5,5.9,1.38,0.059,64,5,86,1.21,2.15,0.13,2.3,2.7,94.9,4,1,Avon Wheatbelt
QU39,-31.7769,117.4993,259,17.3,0.49,5,28.3,12,22.4,10.9,334,60,66,34,2,5.7,1.21,0.069,76,2,110,0.27,1.55,0.2,3.6,3.3,93.1,5,1,Avon Wheatbelt
QU40,-31.7743,117.4946,262,17.3,0.49,5,28.3,12,22.4,10.9,335,60,66,34,4,6.6,1.62,0.084,71,3,190,2.6,3.82,0.42,4.8,2.4,92.9,4,1,Avon Wheatbelt
QU41,-31.7781,117.4956,260,17.3,0.49,5,28.3,12,22.4,10.9,334,60,66,34,5,6,1.51,0.062,48,2,43,1.08,1.72,0.08,3.8,2.1,94.1,4,1,Avon Wheatbelt
QU42,-31.78,117.4968,259,17.3,0.49,5,28.3,12,22.4,10.9,334,60,66,34,1,5.9,0.38,0.018,17,0.2,24,0.1,0.64,0.04,1.3,1.6,97.1,1,9,Avon Wheatbelt
SPM001E,-33.3556,118.8239,297,15.6,0.52,5,24.8,11.3,21.1,10.4,352,51,46,47,10.85,6.5,0.87,0.038,35,0.2,100,1.1,2.7,0.21,2.4,1.9,95.7,4,2,Mallee
SPM011A,-33.8275,116.6703,250,14.8,0.53,4.7,24.8,9.9,20.3,9.9,570,101,69,42,3.5,6.1,1,0.039,30,3,52,0.85,1.23,0.1,2.7,2.8,94.6,4,2,Jarrah Forest
SPM025H,-33.2511,119.6211,317,15.8,0.53,5.3,24.3,11.5,19.7,10.6,342,46,36,54,4.96,6.1,0.49,0.029,23,0.2,82,0.42,1.23,0.16,2.3,1.1,96.6,1,9,Mallee
SPS030A,-32.4581,117.9981,291,16.5,0.5,4.4,28.2,11.4,21.5,10.3,342,60,62,36,35.4,4.8,3.63,0.277,230,4,90,0.51,0.64,0.13,1.3,2.4,96.3,5,1,Mallee
SPS048A,-31.4969,119.2325,424,17,0.49,3.9,29.4,10.1,22.5,10.1,309,49,48,47,9.9,5.7,1.08,0.096,190,7,150,0.53,1.35,0.24,2.4,3.7,94,5,1,Avon Wheatbelt
SPS054A,-33.3253,117.4006,249,15.7,0.51,5.1,25.7,11.3,21.6,10.3,420,73,63,41,12.05,5.9,2.52,0.25,480,39,160,0.53,1.36,0.32,0.3,2.9,96.8,5,1,Avon Wheatbelt
SPS059A,-31.8586,118.8442,405,16.7,0.49,4,28.9,11,22,10,316,49,50,43,81.2,4.9,1.29,0.101,210,8,130,0.53,0.44,0.2,2.3,3,94.8,5,1,Avon Wheatbelt
SPS070A,-33.0094,118.6022,306,15.9,0.51,4.6,26.4,11.2,20.4,10.3,329,53,53,41,17.1,5.6,1.13,0.094,220,8,110,0.24,0.6,0.19,1,3,96,5,1,Mallee
SPS089B,-32.9639,120.3614,264,16.3,0.53,5.4,24.9,11.9,21.6,11,303,38,32,49,39.8,7.1,1.07,0.044,30,0.2,220,1.8,3.94,0.53,0.8,2.3,97,4,2,Mallee
SPS094A,-33.9364,119.0656,254,15.2,0.53,5.6,21.9,11.6,19.8,10.7,421,52,37,60,69.7,6,7.18,0.46,220,11,280,11.18,14.36,0.57,1.1,2,96.8,5,1,Esperance Plains
SPS115C,-34.1006,118.5367,268,14.8,0.53,5.4,21.6,11.2,19.5,10.3,413,53,40,56,18.4,5.7,0.78,0.041,32,2,70,0.74,1.99,0.13,0.6,2.1,97.3,5,1,Esperance Plains
SPS121D,-33.9417,120.4303,7,16.6,0.56,7.2,20.6,13.3,20.7,12.5,528,70,45,71,17.5,9,1.76,0.076,30,3,130,1.79,3.35,0.27,2.7,1.2,96.1,1,9,Esperance Plains
SPS126A,-30.6806,118.5528,389,18,0.47,4.6,29.7,11.8,23.7,10.8,266,42,50,38,28.8,4.6,0.98,0.106,290,16,160,0.31,0.25,0.27,5.2,4.3,90.5,5,1,Avon Wheatbelt
SPS126B,-30.6806,118.5528,389,18,0.47,4.6,29.7,11.8,23.7,10.8,266,42,50,38,100,4.6,0.78,0.097,460,13,220,0.94,0.72,0.38,8.3,9.5,82.2,5,1,Avon Wheatbelt
SPS138B,-33.3528,121.7664,188,15.7,0.54,5.4,23.1,11.7,20.5,10.9,392,48,35,59,22.5,8.7,1.04,0.051,34,2,390,2.96,5.43,1.02,3.1,3.4,93.5,4,2,Mallee
SPS139A,-33.1264,121.8006,236,15.7,0.54,4.8,24.4,11.4,19.5,10.6,351,42,29,60,8.47,6.2,1.48,0.096,120,3,100,1.09,1.79,0.15,0.2,3.2,96.6,5,1,Mallee
SPS139B,-33.1264,121.8006,236,15.7,0.54,4.8,24.4,11.4,19.5,10.6,351,42,29,60,4.88,7,1.53,0.107,120,2,200,2.56,3.76,0.5,0.9,3.8,95.3,5,1,Mallee
SPS145A,-30.839,117.905,341,17.9,0.47,5.2,28.7,12.2,23.3,11.1,300,50,54,42,85.7,7.8,1.67,0.106,87,7,510,4.77,10.83,1.15,3.8,3.1,93.1,4,2,Avon Wheatbelt
SPS145B,-30.839,117.905,341,17.9,0.47,5.2,28.7,12.2,23.3,11.1,300,50,54,42,57.2,6.3,1.51,0.083,57,3,290,3.05,8.36,0.57,2.8,4.2,93,4,2,Avon Wheatbelt
SPS151C,-30.3019,115.9364,224,18,0.51,5.4,28.8,12.9,22.7,11.8,433,88,78,45,4.1,6.2,0.33,0.013,1,2,1,0.1,0.48,0.02,1.8,0.4,97.8,1,9,Swan Coastal Plain
SPS153A,-30.1222,115.6783,264,18.2,0.51,6.1,28.2,12.1,22.6,12.1,487,104,83,43,5.45,5.8,0.71,0.046,72,9,33,0.46,1.2,0.08,3.3,2.1,94.6,4,2,Geraldton Sandplains
SPS153B,-30.1222,115.6783,264,18.2,0.51,6.1,28.2,12.1,22.6,12.1,487,104,83,43,15.5,5.4,0.8,0.039,88,8,33,0.31,0.83,0.07,2.7,1.7,95.6,4,2,Geraldton Sandplains
SPS153C,-30.1222,115.6783,264,18.2,0.51,6.1,28.2,12.1,22.6,12.1,487,104,83,43,29.3,5.6,1.35,0.076,78,6,35,0.73,2.3,0.07,1.9,2,96.1,4,2,Geraldton Sandplains
SPS175A,-29.0728,115.9975,312,19.3,0.49,5.9,30.1,13.5,21.5,12.3,326,63,67,39,13.64,5.6,0.82,0.086,360,50,130,0.64,1.32,0.21,5.7,4.3,90.1,5,1,Avon Wheatbelt
SPS175B,-29.0728,115.9975,312,19.3,0.49,5.9,30.1,13.5,21.5,12.3,326,63,67,39,14.35,5.6,1.01,0.119,1700,110,130,0.34,1.21,0.2,2.5,5.8,91.6,5,1,Avon Wheatbelt
SPS176A,-29.5242,116.7922,284,19.4,0.48,5.6,30.6,13.3,21.8,12.2,292,53,62,39,45.6,5.7,0.46,0.044,130,6,130,0.66,0.6,0.22,4.3,3,92.8,5,1,Yalgoo
SPS176B,-29.5242,116.7922,284,19.4,0.48,5.6,30.6,13.3,21.8,12.2,292,53,62,39,7.4,5.4,0.68,0.056,160,5,80,0.3,0.42,0.16,4.2,2.4,93.3,5,1,Yalgoo
SPS176C,-29.5242,116.7922,284,19.4,0.48,5.6,30.6,13.3,21.8,12.2,292,53,62,39,7.45,6.1,0.56,0.05,180,5,120,0.77,1.21,0.23,5.7,4.7,89.6,5,1,Yalgoo
ST01,-34.3083,117.5692,300,14.5,0.52,5.4,21.8,10.9,19.2,10,515,76,53,57,5,6,1.19,0.05,34,2,90,0.43,1.62,0.21,2.4,3.1,94.6,2,2,Avon Wheatbelt
ST02,-34.3622,117.5686,287,14.5,0.52,5.5,21.5,10.9,19.1,10.1,532,78,52,58,5,5.8,1.49,0.049,26,3,38,0.67,3.28,0.11,0.5,0.9,98.7,1,9,Jarrah Forest
ST03,-34.3606,117.5619,286,14.5,0.52,5.5,21.5,10.9,19.1,10.1,533,78,52,58,8,5.7,4.47,0.152,77,4,120,1.71,6.5,0.32,4.3,4.1,91.6,2,1,Jarrah Forest
ST04,-34.2928,117.9808,230,14.8,0.53,5.7,21.2,11.3,19.4,10.4,422,59,47,54,4,6,0.6,0.019,14,2,50,0.25,0.76,0.1,1.7,1.9,96.5,2,3,Esperance Plains
ST05,-34.3003,118.0675,233,14.8,0.53,5.7,21,11.3,19.3,10.4,418,58,46,55,19,6.2,3.91,0.224,200,6,180,6.98,6.58,0.36,0.9,4.3,94.8,5,4,Esperance Plains
ST06,-34.2992,118.0719,232,14.8,0.53,5.7,21,11.3,19.3,10.4,417,58,46,55,6,6.3,1.36,0.076,70,3,120,0.87,3.86,0.25,2.5,3.7,93.8,4,2,Esperance Plains
ST07,-34.2664,117.9789,238,14.8,0.53,5.6,21.4,11.3,19.4,10.4,416,58,47,53,3,6.3,0.96,0.031,16,2,20,0.36,1.72,0.04,1.4,0.9,97.7,1,9,Esperance Plains
ST09,-34.1678,117.9503,238,14.9,0.52,5.5,22,11.3,19.7,10.4,396,57,48,50,12,6.3,1.64,0.059,46,8,120,1.58,2.97,0.24,1.9,4.2,93.9,4,2,Mallee
ST10,-34.1611,117.9519,239,14.9,0.52,5.5,22,11.3,19.7,10.4,395,57,49,50,8,5.3,5.5,0.161,64,3,100,1.53,4.84,0.23,4.4,3,92.5,2,2,Mallee
ST11,-34.1522,117.6692,251,14.9,0.52,5.5,22.5,11.2,19.8,10.3,435,64,53,50,55,5.9,2.04,0.093,79,3,100,2.3,2.9,0.2,1.8,2.5,95.7,4,2,Avon Wheatbelt
ST12,-33.9436,117.6447,295,14.9,0.51,5.2,23.4,10.9,20.1,10,424,65,55,44,83,5.8,3.07,0.147,85,3,77,3.78,3.3,0.12,2.6,3.8,93.6,4,2,Avon Wheatbelt
ST13,-34.0389,117.5583,294,14.8,0.51,5.3,23.1,10.9,19.9,10,452,69,56,45,5,5.7,2.23,0.113,81,2,180,1.41,3.92,0.37,1.6,3.5,94.9,5,2,Avon Wheatbelt
ST15,-34.2829,118.5062,137,15.2,0.54,6,20.7,11.9,19.6,11,439,54,39,64,8,5.2,2.28,0.142,63,3,140,0.62,2.62,0.31,1.4,4.5,94.1,5,2,Esperance Plains
ST16,-34.2863,118.5081,126,15.3,0.54,6.1,20.7,12,19.6,11.1,438,54,39,64,9,6.5,3.45,0.158,92,5,240,3.5,9.38,0.44,11.1,5.7,83.1,5,3,Esperance Plains
ST17,-34.2856,118.5209,127,15.3,0.54,6.1,20.7,12,19.6,11.1,439,54,39,65,9,6,2.67,0.112,100,4,110,1.72,4.12,0.22,0.9,6.2,92.9,4,1,Esperance Plains
ST18,-34.2839,118.5204,131,15.3,0.54,6,20.7,11.9,19.6,11.1,439,54,39,65,220,5.3,4.62,0.14,97,10,220,7.17,3,0.38,4.5,3.1,92.4,4,2,Esperance Plains
ST19,-34.1786,118.6136,204,15,0.54,5.7,21.2,11.6,19.5,10.7,428,53,38,65,2,5.9,0.67,0.024,18,2,31,0.24,0.85,0.07,5.9,2.1,92.1,2,2,Esperance Plains
ST20,-34.2344,118.6814,114,15.4,0.54,6.1,20.8,12.1,19.8,11.2,433,53,37,66,6,6.5,1.65,0.047,34,2,79,2.45,2.39,0.19,8.8,3.6,87.6,4,2,Esperance Plains
ST21,-33.8151,118.8151,259,15.3,0.53,5.4,22.7,11.4,20.2,10.5,386,50,40,53,6,5.5,1.43,0.078,63,2,110,0.8,1.72,0.24,8.3,2,89.7,5,2,Mallee
ST22,-33.8145,118.4743,296,15,0.52,5.1,23.1,11.1,20.1,10.2,378,52,44,50,410,6,4.28,0.206,140,9,700,10.56,12.82,1.25,1.9,5.2,93,4,1,Mallee
ST23,-33.9691,118.1087,259,15,0.52,5.3,22.8,11.2,20,10.3,376,55,48,46,8,6.1,2.18,0.099,70,3,140,2.35,3.33,0.33,10.8,5.5,83.7,4,1,Mallee
ST24,-34.3299,117.8222,277,14.6,0.52,5.5,21.2,11,19.1,10.2,460,65,49,56,4,5.7,0.9,0.03,20,2,43,0.24,0.9,0.12,7.2,2,90.8,1,9,Esperance Plains
ST25,-34.5774,117.9853,126,15,0.54,6.4,19.3,12,19.1,11.1,549,73,45,69,190,4.9,6.59,0.272,260,14,520,5.56,4.87,0.43,1.6,10.9,87.5,4,2,Esperance Plains
ST26,-33.9471,117.6439,295,14.9,0.51,5.2,23.4,10.9,20.1,10,424,65,55,44,70,6,5.06,0.161,140,7,130,6.59,7.91,0.36,10.3,3.8,85.9,4,2,Avon Wheatbelt
TR01,-30.9121,118.7059,401,17.7,0.48,4.4,29.7,11.6,23.3,10.6,279,45,50,40,7,6.7,1.61,0.094,100,7,270,1.84,4.73,0.53,4.7,4.5,90.8,4,2,Avon Wheatbelt
TR02,-30.8889,118.6823,452,17.4,0.47,4.2,29.6,11.3,23.1,10.3,285,46,50,41,3,6,1.26,0.047,42,0.2,49,0.39,1.34,0.11,3.3,2.7,94.1,1,9,Avon Wheatbelt
TR03,-30.8901,118.6538,488,17.2,0.47,4.1,29.6,11.1,22.9,10.1,291,47,51,42,96,5.2,4.21,0.137,59,5,180,3.76,5.86,0.28,4.7,2,93.3,4,1,Avon Wheatbelt
TR04,-30.8908,118.654,489,17.2,0.47,4.1,29.6,11.1,22.9,10.1,292,47,51,42,5,5.7,1.9,0.072,64,2,75,0.66,1.87,0.12,4.2,2.7,93.1,5,3,Avon Wheatbelt
TR05,-30.8136,118.6168,448,17.5,0.47,4.3,29.6,11.4,23.2,10.4,280,45,50,40,2,6.2,0.8,0.042,42,3,85,0.62,2.06,0.15,4.8,2.3,92.8,4,4,Avon Wheatbelt
TR06,-30.9826,118.5573,338,17.9,0.48,4.7,29.5,11.9,23.5,10.9,274,44,52,38,5,7.2,1.1,0.078,110,8,320,4.43,10.17,0.76,4.2,5.2,90.6,4,1,Avon Wheatbelt
TR07,-30.8743,118.0811,403,17.6,0.47,4.8,28.9,11.8,23.1,10.7,301,50,53,42,4,6.8,0.77,0.039,42,2,53,0.29,0.91,0.1,3.7,2.2,94,4,4,Avon Wheatbelt
TR08,-30.8035,118.7709,390,17.9,0.48,4.4,29.9,11.7,23.6,10.7,270,43,48,40,26,7.9,4.15,0.27,200,20,960,6.04,17.23,3.36,2.5,4.9,92.6,4,3,Coolgardie
TR09,-31.2067,117.4771,333,17.6,0.47,5.5,27.9,12.2,22.9,11.1,321,55,60,38,5,5.4,0.62,0.041,37,2,53,0.4,0.55,0.14,3.8,2.8,93.4,4,1,Avon Wheatbelt
TR11,-30.9358,117.4574,307,18,0.47,5.7,28.2,12.5,23.3,11.4,306,54,60,38,13,7.3,2.14,0.142,140,10,500,4.02,12.75,1.31,3,4.7,92.3,4,2,Avon Wheatbelt
TR12,-31.3353,117.435,309,17.6,0.48,5.4,28,12.3,22.8,11.2,325,56,61,38,7,6.2,1.77,0.098,84,5,170,1.54,3.63,0.31,4.9,2.4,92.6,4,4,Avon Wheatbelt
TR13,-31.3272,117.4491,309,17.6,0.48,5.4,28,12.3,22.8,11.2,324,56,61,38,10,5.5,0.87,0.054,58,3,130,0.42,0.66,0.25,5.2,4.9,89.9,4,3,Avon Wheatbelt
TR14,-31.2265,117.2711,308,17.7,0.48,5.6,27.9,12.4,22.9,11.3,326,57,63,38,5,6.3,1.17,0.066,60,3,100,0.96,2.19,0.19,4.7,3.3,92,4,1,Avon Wheatbelt
TR15,-31.1873,117.194,332,17.6,0.48,5.6,27.8,12.3,22.7,11.2,334,59,64,38,7,6.4,1.78,0.105,81,0.2,180,3.15,4.38,0.37,3.9,1.9,94.2,4,1,Avon Wheatbelt
TR16,-31.1789,117.1911,335,17.6,0.48,5.6,27.8,12.3,22.7,11.2,334,60,64,38,6,6.1,1.59,0.076,49,4,54,1.02,2.94,0.12,3.3,1.1,95.6,4,3,Avon Wheatbelt
TR18,-31.319,117.1296,287,17.6,0.48,5.6,27.9,12.4,22.8,11.3,337,61,66,37,3,5.9,0.76,0.046,40,4,30,0.34,1.04,0.08,2.4,0.9,96.7,1,9,Avon Wheatbelt
UN01,-34.3869,116.5003,184,14.7,0.54,5.8,21.2,10.6,19.3,10.6,802,140,67,64,5,5.6,2.54,0.08,35,3,52,0.98,3.44,0.22,5,1.2,93.9,1,9,Jarrah Forest
UN02,-34.3169,116.5303,239,14.5,0.53,5.5,21.8,10.3,19.2,10.3,764,132,67,62,6,5.4,2.65,0.076,46,4,62,0.56,2.4,0.16,4.5,2.3,93.1,1,9,Jarrah Forest
UN04,-34.075,116.8636,246,14.8,0.53,5.3,23.5,10.1,20,10.1,573,95,65,53,160,5.5,4.01,0.156,100,5,87,6.37,2.33,0.16,9.3,4.7,86,4,2,Jarrah Forest
UN05,-34.0067,116.8392,257,14.8,0.52,5.1,23.8,10,20.1,10,564,95,65,44,4,5.8,2.73,0.141,91,4,210,1.49,4.29,0.38,14.1,7.4,78.5,5,2,Jarrah Forest
UN06,-34.0039,116.8392,258,14.8,0.52,5.1,23.8,10,20.1,10,564,95,65,44,8,6.2,3.54,0.153,92,3,240,2.67,6.43,0.47,7.8,3.3,88.9,4,6,Jarrah Forest
UN07,-34.3489,116.7725,250,14.6,0.53,5.6,21.9,10.2,19.3,10.2,718,119,64,63,5,6,1.84,0.072,43,3,81,1.01,3.2,0.19,4.8,1.2,94,1,9,Jarrah Forest
UN08,-34.3333,116.8008,264,14.5,0.53,5.5,22,10.1,19.3,10.1,704,116,63,62,160,4.1,2.99,0.113,120,3,60,2.54,0.64,0.1,10,3.8,86.2,2,2,Jarrah Forest
UN09,-34.4011,116.8633,292,14.3,0.53,5.5,21.6,10,19,10,736,120,62,66,8,6.1,7.4,0.246,180,5,180,3.7,11.82,0.5,3.6,4.2,92.1,2,1,Jarrah Forest
UN10,-34.4294,116.8792,237,14.6,0.54,5.7,21.5,10.3,19.2,10.3,733,119,62,65,5,5.8,2.29,0.089,56,4,68,1.61,3.83,0.17,3.8,1.4,94.8,1,9,Jarrah Forest
UN11,-34.4431,116.6817,176,14.8,0.54,6,21.2,11.5,19.3,10.7,800,135,64,68,5,5.5,3.56,0.115,57,5,53,1.45,6.53,0.14,3.5,0.7,95.8,1,9,Jarrah Forest
UN14,-34.2909,117.2884,248,14.7,0.53,5.6,22.2,10.2,19.6,10.2,554,86,57,56,14,6.2,3.98,0.17,110,6,170,2.84,9,0.4,7.2,4.4,88.4,4,2,Jarrah Forest
UN17,-34.4449,116.645,181,14.8,0.54,5.9,21.1,11.5,19.3,10.7,814,138,65,68,6,6.5,3.47,0.184,70,4,26,1.21,8.19,0.09,4.5,1,94.5,1,9,Jarrah Forest
UN18,-34.3134,116.7302,227,14.7,0.53,5.6,22.1,10.3,19.4,10.3,701,117,64,61,7,6.2,3.72,0.166,89,4,160,2.69,8.65,0.34,6.8,3.6,89.6,4,9,Jarrah Forest
UN20,-33.9951,116.8374,261,14.8,0.52,5.1,23.9,10,20.1,10,563,95,66,44,8,5.7,9.75,0.306,180,8,160,3.29,10.33,0.34,4.3,4.9,90.8,2,1,Jarrah Forest
UN23,-34.4497,116.7662,204,14.7,0.54,5.9,21.3,11.3,19.2,10.5,784,130,63,68,8,6.3,2.85,0.121,72,3,130,1.75,4.37,0.28,12.8,3.7,83.6,4,2,Jarrah Forest
WH03,-30.8631,116.7203,317,17.7,0.48,5.8,28,12.5,22.8,11.4,362,69,72,36,2,5.9,0.77,0.028,20,0.2,26,0.12,0.81,0.04,1.3,1.9,96.8,2,2,Avon Wheatbelt
WH04,-30.8364,116.661,331,17.6,0.48,5.7,27.9,12.4,22.7,11.3,372,71,72,36,5,6.3,2.09,0.104,98,0.2,130,1.77,4.37,0.28,1.6,5.5,92.8,2,2,Avon Wheatbelt
WH05,-30.7632,117.0482,324,18,0.48,5.8,28.3,12.5,23.2,11.4,327,59,65,38,8,6.1,1.23,0.068,49,0.2,110,1.89,1.99,0.21,3.4,3.3,93.3,4,1,Avon Wheatbelt
WH06,-30.7578,117.0901,328,18,0.47,5.8,28.3,12.5,23.2,11.4,324,59,64,38,2,6.2,0.62,0.035,36,0.2,75,0.37,1.07,0.13,4.3,2.8,92.9,4,2,Avon Wheatbelt
WH07,-30.8198,117.0826,333,17.9,0.47,5.7,28.2,12.5,23.1,11.4,328,59,65,38,9,6.6,1.85,0.118,89,4,240,3.61,4.33,0.57,2.3,3.2,94.5,4,1,Avon Wheatbelt
WH08,-30.9143,117.0961,361,17.7,0.47,5.6,28,12.3,22.9,11.2,335,61,65,38,2,5.9,0.49,0.028,25,0.2,48,0.14,0.47,0.08,3.8,2,94.1,2,3,Avon Wheatbelt
WH09,-30.8927,117.0963,367,17.6,0.47,5.6,28.1,12.3,22.9,11.1,336,61,65,39,3,5.5,0.81,0.032,20,0.2,24,0.16,0.8,0.03,1.9,1.5,96.7,2,5,Avon Wheatbelt
WH10,-30.8924,117.0881,359,17.7,0.47,5.6,28.1,12.3,22.9,11.2,335,61,65,38,6,6.5,3.48,0.131,89,0.2,170,2.22,6.9,0.47,1.8,3.3,94.8,2,3,Avon Wheatbelt
WH11,-30.9158,117.1517,353,17.7,0.47,5.6,28.1,12.3,22.9,11.2,330,59,64,38,8,5.9,1.32,0.075,53,2,73,0.34,3.55,0.12,2.3,3.5,94.2,5,3,Avon Wheatbelt
WH13,-30.7537,117.2423,379,17.8,0.47,5.5,28.3,12.2,23.1,11.1,325,58,62,39,4,6.7,0.62,0.047,120,2,180,0.51,1.54,0.4,2.3,3.3,94.3,5,4,Avon Wheatbelt
WH14,-30.8586,116.699,316,17.7,0.48,5.8,27.9,12.5,22.8,11.4,364,70,72,36,8,6.2,2.16,0.089,70,0.2,91,2.12,3.61,0.16,3.2,3.1,93.7,2,2,Avon Wheatbelt
WH15,-30.8585,116.7007,316,17.7,0.48,5.8,27.9,12.5,22.8,11.4,364,69,72,36,3,6.4,0.98,0.041,42,0.2,50,0.26,2.28,0.07,2.2,2.8,95,2,3,Avon Wheatbelt
WH16,-30.8653,116.7071,314,17.7,0.48,5.8,27.9,12.5,22.8,11.4,363,69,72,36,75,6.8,2.81,0.191,120,4,320,4.6,9.04,0.75,4.2,4,91.8,4,1,Avon Wheatbelt
WH17,-30.8597,116.6205,364,17.4,0.48,5.6,27.8,12.2,22.4,11.1,390,74,72,37,36,7.2,4.39,0.309,340,27,810,6.35,17.83,2.08,3.5,7,89.5,4,1,Avon Wheatbelt
WH18,-30.8625,116.6197,357,17.4,0.48,5.6,27.8,12.2,22.4,11.1,388,74,72,37,12,6.2,1.81,0.123,84,2,340,1.36,6.63,0.64,1.6,10.8,87.5,4,2,Avon Wheatbelt
WH19,-30.8758,116.7204,312,17.7,0.48,5.8,27.9,12.5,22.8,11.4,361,69,72,36,4,6.1,0.74,0.042,74,0.2,130,0.59,2.05,0.27,3.8,4.8,91.4,5,4,Avon Wheatbelt
WH20,-30.8014,116.8682,282,18.1,0.48,6,28.2,12.7,23.2,11.6,333,62,69,36,33,7.4,0.96,0.055,46,0.2,90,2.02,2.01,0.22,2.8,2.6,94.5,4,1,Avon Wheatbelt
WH21,-30.7568,117.0905,328,18,0.47,5.8,28.3,12.5,23.2,11.4,324,59,64,38,3,6.1,0.63,0.031,39,0.2,77,0.27,0.72,0.14,5.7,3.9,90.4,4,1,Avon Wheatbelt
WH22,-30.7547,117.2402,376,17.8,0.47,5.5,28.3,12.3,23.1,11.1,324,58,62,39,7,6.2,0.96,0.064,130,2,160,0.69,2.35,0.33,2.9,2.9,94.3,5,4,Avon Wheatbelt
WH23,-30.7239,117.3452,304,18.2,0.47,5.8,28.5,12.7,23.5,11.6,305,55,61,38,17,6.7,0.7,0.058,92,3,250,1.07,1.64,0.62,5,4.2,90.9,4,1,Avon Wheatbelt
WK01,-32.9247,117.3467,360,15.4,0.5,4.5,26.3,10.7,21.5,9.7,429,75,66,40,6,6.1,1.23,0.073,52,2,100,0.51,2.69,0.18,1.6,3.7,94.7,5,5,Avon Wheatbelt
WK04,-32.89,117.645,342,15.7,0.5,4.5,26.7,10.9,21.9,9.9,387,67,63,40,21,6.9,1.27,0.053,48,0.2,170,2.87,3.24,0.37,7.6,4.7,87.7,4,2,Avon Wheatbelt
WK05,-32.8903,117.7581,355,15.6,0.5,4.4,26.8,10.8,21.9,9.8,382,66,61,40,15,6.3,2.69,0.119,76,5,140,1.67,7.55,0.3,4.1,2,93.9,4,2,Avon Wheatbelt
WK06,-32.9117,117.8944,344,15.7,0.5,4.4,26.9,10.9,21.9,9.9,372,63,59,41,6,5.8,0.81,0.025,14,0.2,36,0.17,0.68,0.09,0.6,1.3,98.1,2,5,Avon Wheatbelt
WK07,-32.545,117.2758,335,15.8,0.5,4.4,27.2,10.9,20.6,9.9,407,77,71,36,7,6.1,1.78,0.11,66,3,230,1.7,6.08,0.43,4.9,6.5,88.6,5,1,Avon Wheatbelt
WK08,-32.5414,117.2806,340,15.8,0.5,4.4,27.2,10.9,20.6,9.9,407,78,71,36,11,5.2,4.51,0.118,53,4,120,0.78,1.94,0.22,5.4,1.6,93,4,1,Avon Wheatbelt
WK09,-32.5594,117.3442,433,15.3,0.5,4,27.1,10.4,20.2,9.4,424,81,71,38,13,5.5,2.3,0.098,55,2,110,0.66,1.26,0.22,2.2,2.8,95,2,1,Avon Wheatbelt
WK10,-32.5547,117.3342,423,15.4,0.5,4.1,27.1,10.5,20.2,9.5,423,80,71,38,5,5.9,0.74,0.04,35,2,32,0.11,1.1,0.04,0.9,1.5,97.7,1,9,Avon Wheatbelt
WK11,-32.535,117.32,383,15.6,0.5,4.2,27.2,10.7,20.4,9.7,414,79,71,37,8,6.1,1.92,0.083,76,3,120,1.02,3.24,0.22,2.8,3.4,93.9,4,1,Avon Wheatbelt
WK12,-32.8381,117.3586,389,15.3,0.5,4.3,26.5,10.6,20,9.6,427,76,67,39,14,6.5,3.04,0.166,140,7,290,1.77,8.37,0.59,5.5,5.2,89.3,4,4,Avon Wheatbelt
WK13,-32.9056,117.8939,345,15.7,0.5,4.4,26.9,10.9,21.9,9.9,372,63,59,41,4,5.7,1.05,0.03,11,2,23,0.21,0.92,0.07,0.7,0.8,98.5,1,9,Avon Wheatbelt
WK14,-32.9329,117.8636,354,15.6,0.5,4.4,26.8,10.8,21.8,9.8,376,64,59,41,10,5.7,1.49,0.049,30,2,94,0.53,0.91,0.22,2.7,1.9,95.3,2,1,Avon Wheatbelt
WK15,-32.9042,117.8904,346,15.7,0.5,4.4,26.9,10.9,21.9,9.9,372,63,59,41,18,6.3,3.3,0.139,200,8,360,5.91,7.44,0.72,3.5,3.8,92.7,4,1,Avon Wheatbelt
WK16,-32.9136,117.8046,370,15.5,0.5,4.3,26.8,10.8,21.8,9.8,383,65,60,41,10,6.2,1.72,0.069,49,2,79,0.64,4.34,0.2,1.3,2.2,96.5,5,6,Avon Wheatbelt
WK18,-32.5461,117.6265,266,16.4,0.5,4.6,27.6,11.4,21.3,10.4,365,68,67,36,19,6.5,0.98,0.054,46,3,89,1.19,1.71,0.16,3,4.4,92.7,4,4,Avon Wheatbelt
WK19,-32.5585,117.6323,271,16.4,0.5,4.6,27.6,11.4,21.2,10.4,366,68,67,36,21,6.4,2.11,0.102,80,5,260,3.4,7.16,0.52,6.2,4.9,88.9,4,1,Avon Wheatbelt
WK20,-32.983,117.5378,301,15.8,0.5,4.7,26.4,11.1,21.9,10.1,390,67,63,39,12,6,1.36,0.077,55,2,75,0.81,3.2,0.14,3.2,3,93.8,4,2,Avon Wheatbelt
WK21,-32.941,117.6231,325,15.7,0.5,4.6,26.6,11,21.9,10,386,67,62,40,6,5.5,0.96,0.055,29,2,46,0.27,1.02,0.08,1.3,1.8,96.9,1,9,Avon Wheatbelt
WK22,-32.9423,117.6228,324,15.7,0.5,4.6,26.6,11,21.9,10,386,67,62,39,4,5.4,1.02,0.035,20,2,23,0.15,0.82,0.02,0.9,1.3,97.8,1,9,Avon Wheatbelt
WK23,-32.9152,117.6192,334,15.7,0.5,4.5,26.7,10.9,21.9,9.9,388,67,63,39,6,5.6,0.82,0.047,30,2,45,0.16,1.16,0.07,0.9,0.7,98.4,1,9,Avon Wheatbelt
WK24,-32.9172,117.6155,333,15.7,0.5,4.5,26.6,10.9,21.9,9.9,388,67,63,39,5,5.8,1.32,0.088,51,3,45,0.25,3.2,0.05,2.3,1.3,96.3,5,4,Avon Wheatbelt
WK25,-32.5538,117.3405,440,15.3,0.49,4,27.1,10.4,20.1,9.4,426,81,70,38,8,5.4,1.31,0.052,28,2,48,0.33,1.18,0.08,1.9,2,96.1,1,9,Avon Wheatbelt
WK26,-32.5284,117.3123,363,15.7,0.5,4.3,27.2,10.8,20.5,9.8,409,78,71,36,3,6.1,1.35,0.072,52,2,130,0.4,2.8,0.21,2.7,3.9,93.4,5,2,Avon Wheatbelt
WK27,-32.8519,117.3726,395,15.3,0.5,4.3,26.5,10.6,19.9,9.6,428,76,67,40,5,5.8,1.97,0.074,58,2,67,0.55,1.73,0.12,4.4,2.5,93.2,4,4,Avon Wheatbelt
WK28,-32.7962,117.4375,392,15.4,0.5,4.3,26.7,10.6,20.1,9.6,415,74,66,39,28,5.3,9.06,0.272,140,8,280,1.87,3.9,0.41,5.3,2.9,91.7,4,5,Avon Wheatbelt
WK29,-32.8411,117.3754,398,15.3,0.5,4.3,26.5,10.5,19.9,9.6,427,76,67,40,23,5.6,5.95,0.178,110,7,290,2.42,5.68,0.43,5.6,3.5,90.9,4,4,Avon Wheatbelt
WK30,-32.9279,117.3535,353,15.4,0.5,4.5,26.3,10.8,21.6,9.8,426,75,66,39,12,5.7,1.43,0.061,39,2,110,0.51,1.17,0.2,2.7,2.7,94.7,2,1,Avon Wheatbelt
WK31,-32.8879,117.489,403,15.3,0.5,4.3,26.5,10.5,21.5,9.5,415,73,65,40,40,6.5,3.42,0.112,94,3,220,5.61,4.38,0.61,8.2,4.2,87.6,2,2,Avon Wheatbelt
WK32,-32.8845,117.4917,398,15.3,0.5,4.3,26.5,10.6,21.5,9.6,413,73,65,40,8,5.8,2.12,0.078,61,3,160,1.44,4.39,0.33,3.5,3.4,93.1,2,3,Avon Wheatbelt
WK33,-32.8814,117.4913,396,15.3,0.5,4.3,26.6,10.6,21.5,9.6,413,72,65,40,14,6.3,7.15,0.22,120,8,390,3.17,17.95,0.72,5.8,1.5,92.7,4,3,Avon Wheatbelt
WK34,-32.8664,117.5035,379,15.4,0.5,4.3,26.6,10.7,20.1,9.7,407,72,65,40,24,6.5,6.47,0.246,310,13,750,3.79,15.21,1.8,4.6,2.2,93.2,4,3,Avon Wheatbelt
WK35,-32.8801,117.4936,394,15.3,0.5,4.3,26.6,10.6,21.5,9.6,412,72,65,40,3,5.8,1.03,0.048,33,0.2,69,0.67,2.43,0.19,3.8,2,94.1,1,9,Avon Wheatbelt
WK36,-32.8742,117.4904,391,15.4,0.5,4.3,26.6,10.6,21.6,9.6,411,72,65,40,10,6.2,5.08,0.126,78,4,200,2.43,8.08,0.41,3.4,0.9,95.7,2,5,Avon Wheatbelt
WK37,-32.875,117.4963,389,15.4,0.5,4.3,26.6,10.6,21.6,9.6,410,72,65,40,7,5.9,3.73,0.132,100,5,230,1.55,4.06,0.45,4.7,2.1,93.2,2,3,Avon Wheatbelt
WK38,-32.8743,117.5014,386,15.4,0.5,4.3,26.6,10.6,21.6,9.6,409,72,65,40,3,5.9,1.37,0.062,36,2,50,0.52,2.43,0.14,3.7,1.7,94.6,4,2,Avon Wheatbelt
WK39,-32.8718,117.5033,383,15.4,0.5,4.3,26.6,10.6,21.6,9.7,408,72,65,40,17,5.7,1.79,0.085,58,4,100,0.66,1.85,0.18,4.1,2.9,93,4,3,Avon Wheatbelt
WK40,-32.8685,117.501,381,15.4,0.5,4.3,26.6,10.7,20.1,9.7,408,72,65,40,4,5.8,1.33,0.059,48,0.2,47,0.39,1.6,0.12,3.2,2.7,94.1,1,9,Avon Wheatbelt
WK41,-32.8606,117.4937,376,15.4,0.5,4.4,26.6,10.7,20.1,9.7,407,72,65,39,6,5.8,2.31,0.073,47,2,67,0.86,2.69,0.14,4.3,1.3,94.3,2,4,Avon Wheatbelt
WK42,-32.8604,117.4988,375,15.5,0.5,4.4,26.6,10.7,20.1,9.7,406,72,65,39,2,6.1,1.41,0.058,54,3,91,0.44,1.78,0.17,2.6,3.3,94.1,2,4,Avon Wheatbelt
WK43,-32.8604,117.5042,375,15.5,0.5,4.4,26.6,10.7,20.1,9.7,406,72,65,39,4,5.6,1.28,0.071,38,3,110,0.26,1.52,0.17,4.3,3.1,92.6,5,4,Avon Wheatbelt
WK44,-32.8876,117.4968,396,15.3,0.5,4.3,26.5,10.6,21.5,9.6,412,72,65,40,33,6.2,5.52,0.196,150,7,340,8.62,11.63,0.71,4,4.4,91.6,4,2,Avon Wheatbelt
WU01,-29.7358,116.5612,349,18.7,0.48,5.5,30,12.8,24.1,11.7,316,61,67,37,8,5.6,1.28,0.077,73,2,150,0.71,2.91,0.27,2.7,4.1,93.2,5,3,Avon Wheatbelt
WU02,-29.9748,116.5821,337,18.5,0.48,5.6,29.5,12.8,23.8,11.7,319,62,68,35,4,6.6,1.22,0.068,72,3,270,2.53,4.2,0.55,6.3,5.2,88.6,5,4,Avon Wheatbelt
WU03,-29.9717,116.5861,349,18.5,0.48,5.6,29.5,12.7,23.8,11.6,321,62,68,35,5,5.8,0.7,0.042,81,2,180,0.76,1.74,0.36,5.2,3.5,91.3,5,3,Avon Wheatbelt
WU04,-29.9789,116.6216,362,18.4,0.48,5.5,29.5,12.6,23.7,11.6,321,62,67,36,2,5.6,0.65,0.025,26,0.2,30,0.15,0.57,0.04,3.7,2,94.3,1,9,Avon Wheatbelt
WU05,-29.9742,116.627,362,18.4,0.48,5.5,29.5,12.6,23.7,11.6,320,62,67,36,4,5.2,0.83,0.041,33,0.2,56,0.11,0.3,0.1,3.9,3,93.2,2,1,Avon Wheatbelt
WU05b,-29.9772,116.5743,320,18.6,0.48,5.7,29.6,12.9,23.9,11.8,317,61,68,35,9,6.5,1.1,0.057,59,2,140,2.36,2.84,0.37,9.9,5.1,85,4,1,Avon Wheatbelt
WU06,-30.0587,116.6773,342,18.5,0.48,5.7,29.3,12.7,23.8,11.7,316,61,67,35,6,5.3,1.02,0.051,47,2,90,0.22,0.62,0.17,2.7,5.3,92,2,1,Avon Wheatbelt
WU07,-30.0047,116.8191,283,18.9,0.48,5.9,29.6,13.1,24.3,12,297,56,65,34,16,6.5,0.62,0.043,150,5,210,1.57,1.04,0.56,4.7,4.6,90.7,5,3,Avon Wheatbelt
WU09,-29.8317,116.9558,305,19,0.48,5.6,30.1,13,21.4,11.9,294,54,62,37,18,7.9,1.11,0.07,85,5,280,1.7,10.15,0.82,3.4,3.4,93.2,5,4,Avon Wheatbelt
WU10,-30.0084,116.8217,284,18.9,0.48,5.9,29.6,13.1,24.3,12,297,56,65,34,10,7,1.46,0.09,140,5,180,1.48,4.49,0.44,3.3,2.2,94.4,5,4,Avon Wheatbelt
WU11,-30.2183,116.9433,371,18.3,0.47,5.6,29.1,12.5,23.7,11.4,315,59,65,37,22,6.4,1.49,0.081,83,6,220,2.62,4.31,0.44,9.7,4,86.3,4,1,Avon Wheatbelt
WU12,-30.3019,116.4556,322,18.1,0.48,5.7,28.8,12.6,23.2,11.6,350,68,71,36,5,6.3,0.5,0.016,16,0.2,31,0.25,1.06,0.06,1.4,1.4,97.1,1,9,Geraldton Sandplains
WU15,-30.2997,116.4618,317,18.2,0.48,5.7,28.8,12.7,23.3,11.6,348,68,71,36,3,6.1,0.76,0.024,20,0.2,32,0.2,1,0.05,2.4,1.7,95.8,2,1,Geraldton Sandplains
WU16,-30.1664,116.5199,279,18.6,0.48,5.9,29.1,13,23.7,11.9,324,63,70,34,6,6.5,0.54,0.027,31,2,60,0.47,1.37,0.12,2.9,1.9,95.2,4,5,Avon Wheatbelt
WU17,-30.063,116.6807,340,18.5,0.48,5.7,29.3,12.8,23.8,11.7,316,61,67,35,5,5.3,0.57,0.032,65,3,90,0.19,0.32,0.14,1.8,3.5,94.6,5,1,Avon Wheatbelt
WU18,-29.8503,116.937,286,19.1,0.48,5.7,30.1,13.1,21.5,12,292,54,63,36,13,5.4,0.87,0.041,88,4,72,0.49,0.81,0.16,3.4,2.2,94.4,1,9,Avon Wheatbelt
WU19,-29.7441,116.561,350,18.7,0.48,5.5,30,12.8,24.1,11.7,317,61,67,37,6,5,0.82,0.031,27,2,47,0.16,0.5,0.09,1.2,2.3,96.5,1,9,Avon Wheatbelt
WU20,-29.9807,116.5837,339,18.5,0.48,5.6,29.5,12.8,23.8,11.7,320,62,68,35,4,6.2,0.66,0.031,35,2,100,0.63,2.47,0.19,3.1,4.6,92.3,1,9,Avon Wheatbelt
WU21,-30.2881,116.5272,281,18.4,0.48,5.9,28.8,12.9,23.6,11.8,331,64,70,35,5,6.1,0.7,0.031,37,2,73,0.36,1.87,0.13,2.9,1.9,95.2,1,9,Avon Wheatbelt
WU23,-29.9623,116.0664,255,18.6,0.5,5.7,29.4,13.1,23.5,12.1,366,75,76,45,3,6.2,0.58,0.027,26,0.2,22,0.17,0.58,0.04,1.3,1.3,97.3,1,9,Geraldton Sandplains
WU24,-29.9563,116.0633,253,18.6,0.5,5.7,29.4,13.2,23.5,12.1,366,75,76,45,2,6,0.62,0.022,16,0.2,23,0.16,0.58,0.05,3.3,1.1,95.6,1,9,Geraldton Sandplains
YO02,-31.9932,117.0221,247,16.8,0.5,4.9,28,11.7,21.8,10.7,399,78,74,34,8,6.5,1.28,0.068,98,3,220,1.27,3.33,0.47,4.2,5.2,90.7,5,4,Avon Wheatbelt
YO03,-32.094,116.5681,336,16,0.5,4.8,26.6,11.2,20.6,10.2,596,120,82,38,5,5.9,1.16,0.05,39,2,89,0.53,1.25,0.15,2.2,2.9,94.8,4,3,Jarrah Forest
YO04,-32.1416,116.554,253,16.4,0.5,5.1,26.6,11.6,22.6,10.6,586,119,83,37,5,5.8,0.76,0.026,12,2,40,0.35,1.39,0.06,0.9,0.5,98.6,1,9,Jarrah Forest
YO05,-32.1521,116.6406,283,16.2,0.5,4.9,26.9,11.3,20.9,10.4,539,108,81,37,42,5.8,7.07,0.202,110,7,280,3.29,6.77,0.44,6.3,3.8,89.9,4,1,Jarrah Forest
YO06,-32.1271,116.5056,267,16.3,0.5,5.2,26.3,11.5,22.5,10.6,632,129,84,38,6,5.4,1.19,0.046,25,2,39,0.36,2.38,0.06,0.8,2.3,96.9,1,9,Jarrah Forest
YO07,-32.1414,116.5305,262,16.3,0.5,5.1,26.4,11.5,22.6,10.6,610,124,83,38,7,6,2.07,0.07,47,3,83,0.99,3.63,0.17,0.8,2,97.2,1,9,Jarrah Forest
YO08,-32.0441,116.5652,344,16,0.5,4.8,26.6,11.2,20.6,10.2,590,118,82,38,15,6.1,3.86,0.121,91,4,230,1.35,7.75,0.41,2.7,3.3,94.1,2,1,Jarrah Forest
YO10,-31.9005,116.639,309,16.4,0.5,4.8,27.3,11.4,21.2,10.4,517,102,80,36,20,5.8,4.1,0.165,110,5,180,2.28,6.16,0.32,7.3,3.3,89.4,4,1,Jarrah Forest
YO11,-31.8962,116.6237,335,16.3,0.49,4.8,27.2,11.3,21.1,10.3,534,106,80,37,18,6.2,1.72,0.085,52,2,52,1.82,0.7,0.08,5.2,3.7,91.1,4,2,Jarrah Forest
YO12,-31.8752,116.6025,337,16.3,0.49,4.8,27.2,11.3,21.1,10.3,546,109,81,37,6,6,1.14,0.05,35,3,61,0.43,2.09,0.12,1.8,1.5,96.7,1,9,Jarrah Forest
YO13,-31.8838,116.5883,332,16.3,0.49,4.8,27.1,11.3,21.1,10.3,553,111,81,37,6,5.5,1.34,0.073,52,3,100,0.29,1.51,0.18,1.5,4.2,94.3,5,2,Jarrah Forest
YO14,-32.1672,116.6414,303,16.1,0.5,4.8,26.8,11.2,20.7,10.2,548,109,81,38,2,6,0.86,0.027,11,0.2,13,0.21,1.33,0.02,0.4,0.6,99,1,9,Jarrah Forest
YO15,-32.1276,116.5036,273,16.3,0.5,5.1,26.3,11.5,22.5,10.5,636,129,84,38,2,5.1,1.23,0.03,8,0.2,13,0.43,2,0.03,0.1,0.9,99,1,9,Jarrah Forest
YO16,-32.1322,116.5081,281,16.2,0.5,5.1,26.3,11.5,22.5,10.5,636,129,84,38,6,6.3,2,0.106,110,2,220,3.06,7.86,0.44,6.9,7.2,85.9,5,2,Jarrah Forest
YO17,-31.7874,116.5885,278,16.7,0.5,5,27.5,10.7,21.5,10.7,523,105,81,35,4,5.3,2.68,0.174,110,4,93,0.13,0.78,0.14,2.2,2.6,95.2,5,2,Avon Wheatbelt
YO18,-31.7946,116.5876,293,16.6,0.5,5,27.5,10.6,21.4,10.6,530,107,81,35,8,5.9,1.91,0.072,60,3,110,0.92,2.5,0.23,4.2,3.7,92.2,4,1,Avon Wheatbelt
YO19,-31.7872,116.5775,282,16.7,0.5,5,27.5,10.7,21.5,10.7,532,107,81,35,15,5.4,3.88,0.108,78,4,140,0.92,2.84,0.25,2.3,2.2,95.5,4,4,Jarrah Forest
YO20,-31.8978,116.8638,209,17.1,0.5,5,28.1,11.9,22,10.9,411,80,76,33,26,8,2.39,0.142,91,6,600,5.53,14.32,1.4,2.5,3.9,93.6,5,2,Avon Wheatbelt
YO21,-31.8981,116.8621,211,17.1,0.5,5,28.1,11.9,22,10.9,412,80,76,33,9,5.4,1.31,0.072,74,2,150,0.38,0.89,0.28,3,3.8,93.2,5,2,Avon Wheatbelt
YO22,-31.9457,116.9751,223,17,0.5,5,28,11.9,22,10.8,397,77,74,34,8,6.5,1.8,0.098,120,5,260,4.58,4.38,0.58,5.2,5.9,89,4,2,Avon Wheatbelt
YO23,-31.9465,116.9734,222,17,0.5,5,28,11.9,22,10.9,397,77,74,34,8,5.8,1.6,0.098,110,4,150,1.38,2.89,0.32,21,7,72,4,3,Avon Wheatbelt
YO24,-31.8777,116.5898,358,16.2,0.49,4.8,27.1,11.2,20.9,10.2,563,113,81,37,5,5.8,2.88,0.085,45,3,81,0.54,2.96,0.16,2.4,2.2,95.3,2,3,Jarrah Forest
YO25,-32.1418,116.5411,252,16.4,0.5,5.1,26.5,11.6,22.6,10.6,597,121,83,37,10,6.3,0.84,0.045,34,2,110,0.8,2.08,0.19,1.2,4.3,94.6,4,2,Jarrah Forest
YO26,-32.1123,116.5114,249,16.4,0.5,5.2,26.4,11.6,22.7,10.7,615,125,84,37,4,5.9,0.57,0.035,23,0.2,42,0.17,0.28,0.04,1.3,2.2,96.5,4,1,Jarrah Forest
YO27,-32.1494,116.5898,284,16.2,0.5,4.9,26.7,11.4,20.8,10.4,571,115,82,37,1,5.5,0.44,0.023,14,0.2,11,0.12,0.78,0.04,0.5,0.4,99.1,1,9,Jarrah Forest
YO28,-32.1494,116.59,284,16.2,0.5,4.9,26.7,11.4,20.8,10.4,571,115,82,37,2,5.8,0.64,0.025,13,0.2,11,0.19,1.6,0.02,0.4,0.6,99,1,9,Jarrah Forest
YO30,-31.9769,116.4351,255,16.6,0.5,5.4,26.3,11.8,22.8,10.8,669,138,85,37,8,6.2,4.64,0.185,92,3,100,1.66,6.87,0.21,2.8,2.6,94.6,2,1,Jarrah Forest
YO31,-31.9911,116.4568,292,16.4,0.5,5.3,26.3,11.6,22.6,10.6,660,135,84,38,9,6.3,4.69,0.173,110,4,97,2.41,6.7,0.2,2.7,2.7,94.6,4,2,Jarrah Forest
YO32,-32.1007,116.4978,246,16.4,0.5,5.3,26.4,11.7,22.7,10.7,624,127,84,37,3,6.3,2.51,0.081,55,2,51,0.89,3.59,0.11,0.8,5.1,94.1,2,1,Jarrah Forest
YO33,-32.1827,116.5679,276,16.2,0.5,4.9,26.6,10.4,22.5,10.4,591,119,83,38,5,6.4,2.55,0.096,59,2,81,1.12,6.03,0.17,1.8,2.6,95.6,2,2,Jarrah Forest
YO34,-32.1417,116.5924,287,16.2,0.5,4.9,26.7,11.3,20.8,10.4,569,114,82,37,2,6,1.28,0.051,20,0.2,25,0.38,2.83,0.05,0.8,2.3,96.9,4,9,Jarrah Forest
YO35,-32.1862,116.3968,295,16,0.5,5.3,25.6,10.5,22.1,10.5,790,161,86,41,5,6.1,2.76,0.094,60,3,94,1.16,3.6,0.17,0.9,3.1,96,4,2,Jarrah Forest
YO36,-32.1338,116.3938,219,16.5,0.5,5.6,25.7,11,22.6,11,745,153,86,39,12,6.8,4.02,0.14,130,4,94,1.38,10.6,0.27,1.1,3.6,95.3,4,2,Jarrah Forest
YO37,-32.1295,116.3692,206,16.6,0.5,5.7,25.6,11.1,22.6,11.1,769,158,87,39,3,6.1,1.2,0.036,28,0.2,29,0.42,2.01,0.07,0.8,2.5,96.8,1,9,Jarrah Forest
YO38,-32.1296,116.3393,199,16.6,0.5,5.9,25.4,11.2,22.6,11.2,805,166,87,39,6,6,4.7,0.184,200,15,140,0.8,3.88,0.22,2.5,4.3,93.3,5,1,Jarrah Forest
YO39,-32.1289,116.3258,202,16.6,0.5,5.9,25.3,11.2,22.6,11.2,825,170,87,39,4,6.4,2.74,0.1,67,2,96,0.96,5.12,0.2,1.2,3.2,95.5,5,2,Jarrah Forest
YO40,-32.1444,116.3238,241,16.4,0.5,5.7,25.2,10.9,22.4,10.9,856,176,87,41,7,6.3,3.93,0.114,72,2,61,1.04,6.09,0.13,1.5,3.9,94.5,2,2,Jarrah Forest
YO41,-32.1493,116.303,351,15.8,0.49,5.4,24.9,10.4,21.8,10.4,946,192,86,45,9,5.7,3.48,0.132,55,2,95,1.96,3.13,0.18,0.3,4.6,95.1,4,2,Jarrah Forest
YO42,-32.3534,116.4909,282,15.8,0.51,4.7,26.2,10.2,22,10.2,682,138,85,40,2,6,1.19,0.06,56,0.2,93,0.61,1.34,0.19,2.7,5,92.3,2,2,Jarrah Forest
YO43,-32.4021,116.5301,304,15.6,0.51,4.5,26.4,10,21.8,10,654,131,84,40,6,6.1,7.69,0.273,180,8,150,2.18,9.81,0.28,0.8,2.9,96.3,2,1,Jarrah Forest
YO44,-32.4716,116.5743,359,15.2,0.51,4.1,26.5,9.6,21.4,9.6,644,128,82,41,4,6.1,3.1,0.084,52,2,62,0.54,2.58,0.12,2.2,2.8,95,2,1,Jarrah Forest
YO45,-32.4561,116.6957,342,15.4,0.51,4.2,26.7,9.7,21.7,9.7,567,113,80,40,7,6.2,5.45,0.173,160,5,110,1.21,6,0.2,1.6,2.9,95.5,2,3,Jarrah Forest
YO46,-32.4456,116.7317,348,15.5,0.51,4.2,26.8,9.7,21.8,9.7,551,109,79,40,17,5.5,9.15,0.207,130,7,180,1.98,5.39,0.39,3.3,2.1,94.7,2,1,Jarrah Forest
YO47,-32.4451,116.7275,349,15.4,0.51,4.2,26.8,9.7,21.8,9.7,553,110,79,40,4,5.5,4.08,0.121,49,3,44,0.44,1.57,0.11,1.3,1.6,97.1,2,1,Jarrah Forest
YO48,-32.4514,116.7197,345,15.4,0.51,4.2,26.8,9.7,21.8,9.7,556,110,79,40,5,6.1,3.53,0.132,80,2,100,1.27,3.22,0.24,2.2,2.8,95,4,2,Jarrah Forest
YO49,-32.565,116.6419,385,15,0.51,3.9,26.6,9.4,21.2,9.4,612,121,79,42,2,6.3,1.65,0.068,63,0.2,63,0.57,2.41,0.15,1.7,3.4,94.9,5,2,Jarrah Forest
YO50,-32.5531,116.6031,373,15,0.51,3.9,26.5,9.4,21.3,9.4,629,124,80,42,3,5.7,1.52,0.074,51,0.2,57,0.41,1.18,0.12,1.2,4.3,94.6,4,3,Jarrah Forest
YO51,-32.5264,116.5711,368,15.1,0.51,3.9,26.5,9.5,21.3,9.5,648,128,81,41,6,6.2,4.78,0.187,100,3,64,1.51,8.42,0.13,1.1,2.6,96.3,2,3,Jarrah Forest
YO52,-32.5324,116.5038,348,15.1,0.51,4,26.4,9.6,21.3,9.6,691,137,83,40,5,6.2,5.37,0.179,140,4,140,1.98,8.7,0.27,0.5,4.2,95.3,2,2,Jarrah Forest
YO53,-32.5624,116.4519,329,15.1,0.51,4,26.3,9.6,21.2,9.6,724,143,84,40,2,6.3,1.42,0.062,68,0.2,48,0.4,2.32,0.1,1.1,2.8,96,4,2,Jarrah Forest
YO54,-32.5919,116.5151,345,15,0.51,3.9,26.5,9.5,21.2,9.5,674,133,82,40,6,6.4,4.89,0.174,160,5,150,1.98,11.42,0.28,2.5,4.2,93.3,4,2,Jarrah Forest
YO55,-32.5644,116.5126,327,15.2,0.51,4,26.5,9.7,21.3,9.7,671,133,83,40,3,6.1,1.75,0.088,84,2,110,0.7,4.71,0.2,3,5.9,91.1,5,2,Jarrah Forest
YO56,-32.1655,116.5505,267,16.2,0.5,5,26.5,10.5,22.5,10.5,599,121,83,38,5,6.1,2.11,0.11,85,3,220,1.08,5.25,0.41,3.2,4.7,92.1,5,4,Jarrah Forest
YO57,-32.1417,116.5924,287,16.2,0.5,4.9,26.7,11.3,20.8,10.4,569,114,82,37,3,5.7,1.08,0.047,31,2,28,0.28,2.09,0.08,0.7,2.7,96.7,1,9,Jarrah Forest
